  0
SECTION
  2
HEADER
  9
$ANGBASE
  50
0.0
  9
$ANGDIR
  70
1
  9
$MEASUREMENT
  70
0
  0
ENDSEC
  0
SECTION
  2
TABLES
  0
TABLE
  2
LTYPE
  70
4
  0
LTYPE
  5
40F
  2
CONTINUOUS
  70
0
  3
Solid line
  72
65
  73
0
  40
0.0
  0
LTYPE
  5
410
  2
DASHDOT
 70
0
  3
Dash Dot ____ _ ____ _
 72
65
 73
4
 40
2.0
 49
1.25
 49
-0.25
 49
0.25
 49
-0.25
  0
LTYPE
  5
411
  2
DASHED
 70
0
  3
Dashed __ __ __ __ __
 72
65
 73
2
 40
0.75
 49
0.5
 49
-0.25
  0
LTYPE
  5
43B
  2
DOTTED
 70
0
  3
Dotted .  .  .  .
 72
65
 73
2
 40
0.2
 49
0.0
 49
-0.2
  0
ENDTAB
  0
TABLE
  2
STYLE
  70
4
  0
STYLE
  2
KICAD
  70
0
  40
0
  41
1
  42
1
  50
0
  71
0
  3
isocp.shx
  0
STYLE
  2
KICADB
  70
0
  40
0
  41
1
  42
1
  50
0
  71
0
  3
isocp.shx
  0
STYLE
  2
KICADI
  70
0
  40
0
  41
1
  42
1
  50
15
  71
0
  3
isocp.shx
  0
STYLE
  2
KICADBI
  70
0
  40
0
  41
1
  42
1
  50
15
  71
0
  3
isocp.shx
  0
ENDTAB
  0
TABLE
  2
LAYER
  70
1
  0
LAYER
  2
BLACK
  70
0
  62
7
  6
CONTINUOUS
  0
ENDTAB
  0
ENDSEC
  0
SECTION
  2
ENTITIES
0
LINE
8
BLACK
6
CONTINUOUS
10
1.2883013779527559
20
-4.6414420866141732
11
1.3070789370078739
21
-4.6444161811023621
0
LINE
8
BLACK
6
CONTINUOUS
10
1.3070789370078739
20
-4.6444161811023621
11
1.3255653149606299
21
-4.6488543307086614
0
LINE
8
BLACK
6
CONTINUOUS
10
1.3255653149606299
20
-4.6488543307086614
11
1.3436464566929134
21
-4.6547292519685035
0
LINE
8
BLACK
6
CONTINUOUS
10
1.3436464566929134
20
-4.6547292519685035
11
1.3612109055118109
21
-4.6620046850393697
0
LINE
8
BLACK
6
CONTINUOUS
10
1.3612109055118109
20
-4.6620046850393697
11
1.378150433070866
21
-4.6706358267716537
0
LINE
8
BLACK
6
CONTINUOUS
10
1.378150433070866
20
-4.6706358267716537
11
1.3943605118110236
21
-4.6805693700787403
0
LINE
8
BLACK
6
CONTINUOUS
10
1.3943605118110236
20
-4.6805693700787403
11
1.4097412598425196
21
-4.6917441338582675
0
LINE
8
BLACK
6
CONTINUOUS
10
1.4097412598425196
20
-4.6917441338582675
11
1.4241978346456692
21
-4.7040912204724412
0
LINE
8
BLACK
6
CONTINUOUS
10
1.4241978346456692
20
-4.7040912204724412
11
1.4376410629921259
21
-4.7175344488188973
0
LINE
8
BLACK
6
CONTINUOUS
10
1.4376410629921259
20
-4.7175344488188973
11
1.4499881496062992
21
-4.7319910236220473
0
LINE
8
BLACK
6
CONTINUOUS
10
1.4499881496062992
20
-4.7319910236220473
11
1.4611629133858268
21
-4.7473717716535431
0
LINE
8
BLACK
6
CONTINUOUS
10
1.4611629133858268
20
-4.7473717716535431
11
1.4710964566929134
21
-4.7635818503937006
0
LINE
8
BLACK
6
CONTINUOUS
10
1.4710964566929134
20
-4.7635818503937006
11
1.4797275984251967
21
-4.7805213779527556
0
LINE
8
BLACK
6
CONTINUOUS
10
1.4797275984251967
20
-4.7805213779527556
11
1.4870030314960629
21
-4.7980858267716533
0
LINE
8
BLACK
6
CONTINUOUS
10
1.4870030314960629
20
-4.7980858267716533
11
1.4928779527559055
21
-4.8161669685039366
0
LINE
8
BLACK
6
CONTINUOUS
10
1.4928779527559055
20
-4.8161669685039366
11
1.4973161023622046
21
-4.834653346456693
0
LINE
8
BLACK
6
CONTINUOUS
10
1.4973161023622046
20
-4.834653346456693
11
1.5002901968503937
21
-4.8534309055118108
0
LINE
8
BLACK
6
CONTINUOUS
10
1.5002901968503937
20
-4.8534309055118108
11
1.5017818503937008
21
-4.8723839370078741
0
LINE
8
BLACK
6
CONTINUOUS
10
1.5017818503937008
20
-4.8723839370078741
11
1.5017818503937008
21
-4.8913955905511806
0
LINE
8
BLACK
6
CONTINUOUS
10
1.5017818503937008
20
-4.8913955905511806
11
1.5002901968503937
21
-4.9103486220472439
0
LINE
8
BLACK
6
CONTINUOUS
10
1.5002901968503937
20
-4.9103486220472439
11
1.4973161023622046
21
-4.9291261811023617
0
LINE
8
BLACK
6
CONTINUOUS
10
1.4973161023622046
20
-4.9291261811023617
11
1.4928779527559055
21
-4.9476125590551181
0
LINE
8
BLACK
6
CONTINUOUS
10
1.4928779527559055
20
-4.9476125590551181
11
1.4870030314960629
21
-4.9656937007874014
0
LINE
8
BLACK
6
CONTINUOUS
10
1.4870030314960629
20
-4.9656937007874014
11
1.4797275984251967
21
-4.9832581496062991
0
LINE
8
BLACK
6
CONTINUOUS
10
1.4797275984251967
20
-4.9832581496062991
11
1.4710964566929134
21
-5.000197677165354
0
LINE
8
BLACK
6
CONTINUOUS
10
1.4710964566929134
20
-5.000197677165354
11
1.4611629133858268
21
-5.0164077559055116
0
LINE
8
BLACK
6
CONTINUOUS
10
1.4611629133858268
20
-5.0164077559055116
11
1.4499881496062992
21
-5.0317885039370074
0
LINE
8
BLACK
6
CONTINUOUS
10
1.4499881496062992
20
-5.0317885039370074
11
1.4376410629921259
21
-5.0462450787401574
0
LINE
8
BLACK
6
CONTINUOUS
10
1.4376410629921259
20
-5.0462450787401574
11
1.4241978346456692
21
-5.0596883070866143
0
LINE
8
BLACK
6
CONTINUOUS
10
1.4241978346456692
20
-5.0596883070866143
11
1.4097412598425196
21
-5.0720353937007872
0
LINE
8
BLACK
6
CONTINUOUS
10
1.4097412598425196
20
-5.0720353937007872
11
1.3943605118110236
21
-5.0832101574803152
0
LINE
8
BLACK
6
CONTINUOUS
10
1.3943605118110236
20
-5.0832101574803152
11
1.378150433070866
21
-5.0931437007874019
0
LINE
8
BLACK
6
CONTINUOUS
10
1.378150433070866
20
-5.0931437007874019
11
1.3612109055118109
21
-5.1017748425196849
0
LINE
8
BLACK
6
CONTINUOUS
10
1.3612109055118109
20
-5.1017748425196849
11
1.3436464566929134
21
-5.1090502755905511
0
LINE
8
BLACK
6
CONTINUOUS
10
1.3436464566929134
20
-5.1090502755905511
11
1.3255653149606299
21
-5.1149251968503933
0
LINE
8
BLACK
6
CONTINUOUS
10
1.3255653149606299
20
-5.1149251968503933
11
1.3070789370078739
21
-5.1193633464566926
0
LINE
8
BLACK
6
CONTINUOUS
10
1.3070789370078739
20
-5.1193633464566926
11
1.2883013779527559
21
-5.1223374409448814
0
LINE
8
BLACK
6
CONTINUOUS
10
1.2883013779527559
20
-5.1223374409448814
11
1.2693483464566928
21
-5.1238290944881886
0
LINE
8
BLACK
6
CONTINUOUS
10
1.2693483464566928
20
-5.1238290944881886
11
1.2503366929133859
21
-5.1238290944881886
0
LINE
8
BLACK
6
CONTINUOUS
10
1.2503366929133859
20
-5.1238290944881886
11
1.2313836614173228
21
-5.1223374409448814
0
LINE
8
BLACK
6
CONTINUOUS
10
1.2313836614173228
20
-5.1223374409448814
11
1.2126061023622048
21
-5.1193633464566926
0
LINE
8
BLACK
6
CONTINUOUS
10
1.2126061023622048
20
-5.1193633464566926
11
1.1941197244094488
21
-5.1149251968503933
0
LINE
8
BLACK
6
CONTINUOUS
10
1.1941197244094488
20
-5.1149251968503933
11
1.1760385826771653
21
-5.1090502755905511
0
LINE
8
BLACK
6
CONTINUOUS
10
1.1760385826771653
20
-5.1090502755905511
11
1.1584741338582676
21
-5.1017748425196849
0
LINE
8
BLACK
6
CONTINUOUS
10
1.1584741338582676
20
-5.1017748425196849
11
1.1415346062992127
21
-5.0931437007874019
0
LINE
8
BLACK
6
CONTINUOUS
10
1.1415346062992127
20
-5.0931437007874019
11
1.1253245275590551
21
-5.0832101574803152
0
LINE
8
BLACK
6
CONTINUOUS
10
1.1253245275590551
20
-5.0832101574803152
11
1.1099437795275591
21
-5.0720353937007872
0
LINE
8
BLACK
6
CONTINUOUS
10
1.1099437795275591
20
-5.0720353937007872
11
1.0954872047244095
21
-5.0596883070866143
0
LINE
8
BLACK
6
CONTINUOUS
10
1.0954872047244095
20
-5.0596883070866143
11
1.0820439763779528
21
-5.0462450787401574
0
LINE
8
BLACK
6
CONTINUOUS
10
1.0820439763779528
20
-5.0462450787401574
11
1.0696968897637795
21
-5.0317885039370074
0
LINE
8
BLACK
6
CONTINUOUS
10
1.0696968897637795
20
-5.0317885039370074
11
1.0585221259842519
21
-5.0164077559055116
0
LINE
8
BLACK
6
CONTINUOUS
10
1.0585221259842519
20
-5.0164077559055116
11
1.0485885826771653
21
-5.000197677165354
0
LINE
8
BLACK
6
CONTINUOUS
10
1.0485885826771653
20
-5.000197677165354
11
1.039957440944882
21
-4.9832581496062991
0
LINE
8
BLACK
6
CONTINUOUS
10
1.039957440944882
20
-4.9832581496062991
11
1.0326820078740158
21
-4.9656937007874014
0
LINE
8
BLACK
6
CONTINUOUS
10
1.0326820078740158
20
-4.9656937007874014
11
1.0268070866141732
21
-4.9476125590551181
0
LINE
8
BLACK
6
CONTINUOUS
10
1.0268070866141732
20
-4.9476125590551181
11
1.0223689370078739
21
-4.9291261811023617
0
LINE
8
BLACK
6
CONTINUOUS
10
1.0223689370078739
20
-4.9291261811023617
11
1.019394842519685
21
-4.9103486220472439
0
LINE
8
BLACK
6
CONTINUOUS
10
1.019394842519685
20
-4.9103486220472439
11
1.0179031889763779
21
-4.8913955905511806
0
LINE
8
BLACK
6
CONTINUOUS
10
1.0179031889763779
20
-4.8913955905511806
11
1.0179031889763779
21
-4.8725312992125982
0
LINE
8
BLACK
6
CONTINUOUS
10
1.0179031889763779
20
-4.8725312992125982
11
1.0179031889763779
21
-4.8723839370078741
0
LINE
8
BLACK
6
CONTINUOUS
10
1.0179031889763779
20
-4.8723839370078741
11
1.019394842519685
21
-4.8534309055118108
0
LINE
8
BLACK
6
CONTINUOUS
10
1.019394842519685
20
-4.8534309055118108
11
1.0223689370078739
21
-4.834653346456693
0
LINE
8
BLACK
6
CONTINUOUS
10
1.0223689370078739
20
-4.834653346456693
11
1.0268070866141732
21
-4.8161669685039366
0
LINE
8
BLACK
6
CONTINUOUS
10
1.0268070866141732
20
-4.8161669685039366
11
1.0326820078740158
21
-4.7980858267716533
0
LINE
8
BLACK
6
CONTINUOUS
10
1.0326820078740158
20
-4.7980858267716533
11
1.039957440944882
21
-4.7805213779527556
0
LINE
8
BLACK
6
CONTINUOUS
10
1.039957440944882
20
-4.7805213779527556
11
1.0485885826771653
21
-4.7635818503937006
0
LINE
8
BLACK
6
CONTINUOUS
10
1.0485885826771653
20
-4.7635818503937006
11
1.0585221259842519
21
-4.7473717716535431
0
LINE
8
BLACK
6
CONTINUOUS
10
1.0585221259842519
20
-4.7473717716535431
11
1.0696968897637795
21
-4.7319910236220473
0
LINE
8
BLACK
6
CONTINUOUS
10
1.0696968897637795
20
-4.7319910236220473
11
1.0820439763779528
21
-4.7175344488188973
0
LINE
8
BLACK
6
CONTINUOUS
10
1.0820439763779528
20
-4.7175344488188973
11
1.0954872047244095
21
-4.7040912204724412
0
LINE
8
BLACK
6
CONTINUOUS
10
1.0954872047244095
20
-4.7040912204724412
11
1.1099437795275591
21
-4.6917441338582675
0
LINE
8
BLACK
6
CONTINUOUS
10
1.1099437795275591
20
-4.6917441338582675
11
1.1253245275590551
21
-4.6805693700787403
0
LINE
8
BLACK
6
CONTINUOUS
10
1.1253245275590551
20
-4.6805693700787403
11
1.1415346062992127
21
-4.6706358267716537
0
LINE
8
BLACK
6
CONTINUOUS
10
1.1415346062992127
20
-4.6706358267716537
11
1.1584741338582676
21
-4.6620046850393697
0
LINE
8
BLACK
6
CONTINUOUS
10
1.1584741338582676
20
-4.6620046850393697
11
1.1760385826771653
21
-4.6547292519685035
0
LINE
8
BLACK
6
CONTINUOUS
10
1.1760385826771653
20
-4.6547292519685035
11
1.1941197244094488
21
-4.6488543307086614
0
LINE
8
BLACK
6
CONTINUOUS
10
1.1941197244094488
20
-4.6488543307086614
11
1.2126061023622048
21
-4.6444161811023621
0
LINE
8
BLACK
6
CONTINUOUS
10
1.2126061023622048
20
-4.6444161811023621
11
1.2313836614173228
21
-4.6414420866141732
0
LINE
8
BLACK
6
CONTINUOUS
10
1.2313836614173228
20
-4.6414420866141732
11
1.2503366929133859
21
-4.6399504330708661
0
LINE
8
BLACK
6
CONTINUOUS
10
1.2503366929133859
20
-4.6399504330708661
11
1.2693483464566928
21
-4.6399504330708661
0
LINE
8
BLACK
6
CONTINUOUS
10
1.2693483464566928
20
-4.6399504330708661
11
1.2883013779527559
21
-4.6414420866141732
0
LINE
8
BLACK
6
CONTINUOUS
10
1.0216535433070866
20
-4.8912482283464565
11
1.0231220472440945
21
-4.9099074803149607
0
LINE
8
BLACK
6
CONTINUOUS
10
1.0231220472440945
20
-4.9099074803149607
11
1.0260500393700787
21
-4.9283939763779525
0
LINE
8
BLACK
6
CONTINUOUS
10
1.0260500393700787
20
-4.9283939763779525
11
1.0304194094488188
21
-4.946593779527559
0
LINE
8
BLACK
6
CONTINUOUS
10
1.0304194094488188
20
-4.946593779527559
11
1.0362032677165354
21
-4.9643946456692909
0
LINE
8
BLACK
6
CONTINUOUS
10
1.0362032677165354
20
-4.9643946456692909
11
1.0433659448818897
21
-4.9816868503937011
0
LINE
8
BLACK
6
CONTINUOUS
10
1.0433659448818897
20
-4.9816868503937011
11
1.0518632283464566
21
-4.9983637401574805
0
LINE
8
BLACK
6
CONTINUOUS
10
1.0518632283464566
20
-4.9983637401574805
11
1.0616428346456692
21
-5.0143225590551177
0
LINE
8
BLACK
6
CONTINUOUS
10
1.0616428346456692
20
-5.0143225590551177
11
1.07264437007874
21
-5.0294648818897638
0
LINE
8
BLACK
6
CONTINUOUS
10
1.07264437007874
20
-5.0294648818897638
11
1.0848000393700787
21
-5.0436973622047239
0
LINE
8
BLACK
6
CONTINUOUS
10
1.0848000393700787
20
-5.0436973622047239
11
1.0980349212598426
21
-5.0569322440944884
0
LINE
8
BLACK
6
CONTINUOUS
10
1.0980349212598426
20
-5.0569322440944884
11
1.1122674015748031
21
-5.0690879133858271
0
LINE
8
BLACK
6
CONTINUOUS
10
1.1122674015748031
20
-5.0690879133858271
11
1.1274097244094488
21
-5.0800894488188977
0
LINE
8
BLACK
6
CONTINUOUS
10
1.1274097244094488
20
-5.0800894488188977
11
1.1433685433070866
21
-5.0898690551181103
0
LINE
8
BLACK
6
CONTINUOUS
10
1.1433685433070866
20
-5.0898690551181103
11
1.160045433070866
21
-5.098366338582677
0
LINE
8
BLACK
6
CONTINUOUS
10
1.160045433070866
20
-5.098366338582677
11
1.1773376377952756
21
-5.1055290157480311
0
LINE
8
BLACK
6
CONTINUOUS
10
1.1773376377952756
20
-5.1055290157480311
11
1.1951385039370079
21
-5.1113128740157476
0
LINE
8
BLACK
6
CONTINUOUS
10
1.1951385039370079
20
-5.1113128740157476
11
1.2133383070866142
21
-5.1156822440944882
0
LINE
8
BLACK
6
CONTINUOUS
10
1.2133383070866142
20
-5.1156822440944882
11
1.2318248031496062
21
-5.118610236220472
0
LINE
8
BLACK
6
CONTINUOUS
10
1.2318248031496062
20
-5.118610236220472
11
1.2504840551181102
21
-5.1200787401574805
0
LINE
8
BLACK
6
CONTINUOUS
10
1.2504840551181102
20
-5.1200787401574805
11
1.2692009842519685
21
-5.1200787401574805
0
LINE
8
BLACK
6
CONTINUOUS
10
1.2692009842519685
20
-5.1200787401574805
11
1.2878602362204725
21
-5.118610236220472
0
LINE
8
BLACK
6
CONTINUOUS
10
1.2878602362204725
20
-5.118610236220472
11
1.3063467322834645
21
-5.1156822440944882
0
LINE
8
BLACK
6
CONTINUOUS
10
1.3063467322834645
20
-5.1156822440944882
11
1.3245465354330708
21
-5.1113128740157476
0
LINE
8
BLACK
6
CONTINUOUS
10
1.3245465354330708
20
-5.1113128740157476
11
1.3423474015748031
21
-5.1055290157480311
0
LINE
8
BLACK
6
CONTINUOUS
10
1.3423474015748031
20
-5.1055290157480311
11
1.3596396062992127
21
-5.098366338582677
0
LINE
8
BLACK
6
CONTINUOUS
10
1.3596396062992127
20
-5.098366338582677
11
1.3763164960629921
21
-5.0898690551181103
0
LINE
8
BLACK
6
CONTINUOUS
10
1.3763164960629921
20
-5.0898690551181103
11
1.39227531496063
21
-5.0800894488188977
0
LINE
8
BLACK
6
CONTINUOUS
10
1.39227531496063
20
-5.0800894488188977
11
1.4074176377952756
21
-5.0690879133858271
0
LINE
8
BLACK
6
CONTINUOUS
10
1.4074176377952756
20
-5.0690879133858271
11
1.4216501181102361
21
-5.0569322440944884
0
LINE
8
BLACK
6
CONTINUOUS
10
1.4216501181102361
20
-5.0569322440944884
11
1.434885
21
-5.0436973622047239
0
LINE
8
BLACK
6
CONTINUOUS
10
1.434885
20
-5.0436973622047239
11
1.4470406692913385
21
-5.0294648818897638
0
LINE
8
BLACK
6
CONTINUOUS
10
1.4470406692913385
20
-5.0294648818897638
11
1.4580422047244095
21
-5.0143225590551177
0
LINE
8
BLACK
6
CONTINUOUS
10
1.4580422047244095
20
-5.0143225590551177
11
1.4678218110236221
21
-4.9983637401574805
0
LINE
8
BLACK
6
CONTINUOUS
10
1.4678218110236221
20
-4.9983637401574805
11
1.476319094488189
21
-4.9816868503937011
0
LINE
8
BLACK
6
CONTINUOUS
10
1.476319094488189
20
-4.9816868503937011
11
1.4834817716535433
21
-4.9643946456692909
0
LINE
8
BLACK
6
CONTINUOUS
10
1.4834817716535433
20
-4.9643946456692909
11
1.4892656299212599
21
-4.946593779527559
0
LINE
8
BLACK
6
CONTINUOUS
10
1.4892656299212599
20
-4.946593779527559
11
1.493635
21
-4.9283939763779525
0
LINE
8
BLACK
6
CONTINUOUS
10
1.493635
20
-4.9283939763779525
11
1.4965629921259842
21
-4.9099074803149607
0
LINE
8
BLACK
6
CONTINUOUS
10
1.4965629921259842
20
-4.9099074803149607
11
1.4980314960629921
21
-4.8912482283464565
0
LINE
8
BLACK
6
CONTINUOUS
10
1.4980314960629921
20
-4.8912482283464565
11
1.4980314960629921
21
-4.8725312992125982
0
LINE
8
BLACK
6
CONTINUOUS
10
1.4980314960629921
20
-4.8725312992125982
11
1.4965629921259842
21
-4.8538720472440939
0
LINE
8
BLACK
6
CONTINUOUS
10
1.4965629921259842
20
-4.8538720472440939
11
1.493635
21
-4.8353855511811021
0
LINE
8
BLACK
6
CONTINUOUS
10
1.493635
20
-4.8353855511811021
11
1.4892656299212599
21
-4.8171857480314957
0
LINE
8
BLACK
6
CONTINUOUS
10
1.4892656299212599
20
-4.8171857480314957
11
1.4834817716535433
21
-4.7993848818897638
0
LINE
8
BLACK
6
CONTINUOUS
10
1.4834817716535433
20
-4.7993848818897638
11
1.476319094488189
21
-4.7820926771653545
0
LINE
8
BLACK
6
CONTINUOUS
10
1.476319094488189
20
-4.7820926771653545
11
1.4678218110236221
21
-4.765415787401575
0
LINE
8
BLACK
6
CONTINUOUS
10
1.4678218110236221
20
-4.765415787401575
11
1.4580422047244095
21
-4.7494569685039369
0
LINE
8
BLACK
6
CONTINUOUS
10
1.4580422047244095
20
-4.7494569685039369
11
1.4470406692913385
21
-4.7343146456692908
0
LINE
8
BLACK
6
CONTINUOUS
10
1.4470406692913385
20
-4.7343146456692908
11
1.434885
21
-4.7200821653543308
0
LINE
8
BLACK
6
CONTINUOUS
10
1.434885
20
-4.7200821653543308
11
1.4216501181102361
21
-4.7068472834645672
0
LINE
8
BLACK
6
CONTINUOUS
10
1.4216501181102361
20
-4.7068472834645672
11
1.4074176377952756
21
-4.6946916141732284
0
LINE
8
BLACK
6
CONTINUOUS
10
1.4074176377952756
20
-4.6946916141732284
11
1.39227531496063
21
-4.683690078740157
0
LINE
8
BLACK
6
CONTINUOUS
10
1.39227531496063
20
-4.683690078740157
11
1.3763164960629921
21
-4.6739104724409444
0
LINE
8
BLACK
6
CONTINUOUS
10
1.3763164960629921
20
-4.6739104724409444
11
1.3596396062992127
21
-4.6654131889763777
0
LINE
8
BLACK
6
CONTINUOUS
10
1.3596396062992127
20
-4.6654131889763777
11
1.3423474015748031
21
-4.6582505118110236
0
LINE
8
BLACK
6
CONTINUOUS
10
1.3423474015748031
20
-4.6582505118110236
11
1.3245465354330708
21
-4.652466653543307
0
LINE
8
BLACK
6
CONTINUOUS
10
1.3245465354330708
20
-4.652466653543307
11
1.3063467322834645
21
-4.6480972834645664
0
LINE
8
BLACK
6
CONTINUOUS
10
1.3063467322834645
20
-4.6480972834645664
11
1.2878602362204725
21
-4.6451692913385827
0
LINE
8
BLACK
6
CONTINUOUS
10
1.2878602362204725
20
-4.6451692913385827
11
1.2692009842519685
21
-4.643700787401575
0
LINE
8
BLACK
6
CONTINUOUS
10
1.2692009842519685
20
-4.643700787401575
11
1.2504840551181102
21
-4.643700787401575
0
LINE
8
BLACK
6
CONTINUOUS
10
1.2504840551181102
20
-4.643700787401575
11
1.2318248031496062
21
-4.6451692913385827
0
LINE
8
BLACK
6
CONTINUOUS
10
1.2318248031496062
20
-4.6451692913385827
11
1.2133383070866142
21
-4.6480972834645664
0
LINE
8
BLACK
6
CONTINUOUS
10
1.2133383070866142
20
-4.6480972834645664
11
1.1951385039370079
21
-4.652466653543307
0
LINE
8
BLACK
6
CONTINUOUS
10
1.1951385039370079
20
-4.652466653543307
11
1.1773376377952756
21
-4.6582505118110236
0
LINE
8
BLACK
6
CONTINUOUS
10
1.1773376377952756
20
-4.6582505118110236
11
1.160045433070866
21
-4.6654131889763777
0
LINE
8
BLACK
6
CONTINUOUS
10
1.160045433070866
20
-4.6654131889763777
11
1.1433685433070866
21
-4.6739104724409444
0
LINE
8
BLACK
6
CONTINUOUS
10
1.1433685433070866
20
-4.6739104724409444
11
1.1274097244094488
21
-4.683690078740157
0
LINE
8
BLACK
6
CONTINUOUS
10
1.1274097244094488
20
-4.683690078740157
11
1.1122674015748031
21
-4.6946916141732284
0
LINE
8
BLACK
6
CONTINUOUS
10
1.1122674015748031
20
-4.6946916141732284
11
1.0980349212598426
21
-4.7068472834645672
0
LINE
8
BLACK
6
CONTINUOUS
10
1.0980349212598426
20
-4.7068472834645672
11
1.0848000393700787
21
-4.7200821653543308
0
LINE
8
BLACK
6
CONTINUOUS
10
1.0848000393700787
20
-4.7200821653543308
11
1.07264437007874
21
-4.7343146456692908
0
LINE
8
BLACK
6
CONTINUOUS
10
1.07264437007874
20
-4.7343146456692908
11
1.0616428346456692
21
-4.7494569685039369
0
LINE
8
BLACK
6
CONTINUOUS
10
1.0616428346456692
20
-4.7494569685039369
11
1.0518632283464566
21
-4.765415787401575
0
LINE
8
BLACK
6
CONTINUOUS
10
1.0518632283464566
20
-4.765415787401575
11
1.0433659448818897
21
-4.7820926771653545
0
LINE
8
BLACK
6
CONTINUOUS
10
1.0433659448818897
20
-4.7820926771653545
11
1.0362032677165354
21
-4.7993848818897638
0
LINE
8
BLACK
6
CONTINUOUS
10
1.0362032677165354
20
-4.7993848818897638
11
1.0304194094488188
21
-4.8171857480314957
0
LINE
8
BLACK
6
CONTINUOUS
10
1.0304194094488188
20
-4.8171857480314957
11
1.0260500393700787
21
-4.8353855511811021
0
LINE
8
BLACK
6
CONTINUOUS
10
1.0260500393700787
20
-4.8353855511811021
11
1.0231220472440945
21
-4.8538720472440939
0
LINE
8
BLACK
6
CONTINUOUS
10
1.0231220472440945
20
-4.8538720472440939
11
1.0216535433070866
21
-4.8725312992125982
0
LINE
8
BLACK
6
CONTINUOUS
10
1.0216535433070866
20
-4.8725312992125982
11
1.0216535433070866
21
-4.8912482283464565
0
LINE
8
BLACK
6
CONTINUOUS
10
4.241057283464567
20
-4.6414420866141732
11
4.2598348425196848
21
-4.6444161811023621
0
LINE
8
BLACK
6
CONTINUOUS
10
4.2598348425196848
20
-4.6444161811023621
11
4.2783212204724412
21
-4.6488543307086614
0
LINE
8
BLACK
6
CONTINUOUS
10
4.2783212204724412
20
-4.6488543307086614
11
4.2964023622047245
21
-4.6547292519685035
0
LINE
8
BLACK
6
CONTINUOUS
10
4.2964023622047245
20
-4.6547292519685035
11
4.3139668110236222
21
-4.6620046850393697
0
LINE
8
BLACK
6
CONTINUOUS
10
4.3139668110236222
20
-4.6620046850393697
11
4.3309063385826772
21
-4.6706358267716537
0
LINE
8
BLACK
6
CONTINUOUS
10
4.3309063385826772
20
-4.6706358267716537
11
4.3471164173228347
21
-4.6805693700787403
0
LINE
8
BLACK
6
CONTINUOUS
10
4.3471164173228347
20
-4.6805693700787403
11
4.3624971653543305
21
-4.6917441338582675
0
LINE
8
BLACK
6
CONTINUOUS
10
4.3624971653543305
20
-4.6917441338582675
11
4.3769537401574805
21
-4.7040912204724412
0
LINE
8
BLACK
6
CONTINUOUS
10
4.3769537401574805
20
-4.7040912204724412
11
4.3903969685039366
21
-4.7175344488188973
0
LINE
8
BLACK
6
CONTINUOUS
10
4.3903969685039366
20
-4.7175344488188973
11
4.4027440551181103
21
-4.7319910236220473
0
LINE
8
BLACK
6
CONTINUOUS
10
4.4027440551181103
20
-4.7319910236220473
11
4.4139188188976375
21
-4.7473717716535431
0
LINE
8
BLACK
6
CONTINUOUS
10
4.4139188188976375
20
-4.7473717716535431
11
4.4238523622047241
21
-4.7635818503937006
0
LINE
8
BLACK
6
CONTINUOUS
10
4.4238523622047241
20
-4.7635818503937006
11
4.4324835039370081
21
-4.7805213779527556
0
LINE
8
BLACK
6
CONTINUOUS
10
4.4324835039370081
20
-4.7805213779527556
11
4.4397589370078743
21
-4.7980858267716533
0
LINE
8
BLACK
6
CONTINUOUS
10
4.4397589370078743
20
-4.7980858267716533
11
4.4456338582677164
21
-4.8161669685039366
0
LINE
8
BLACK
6
CONTINUOUS
10
4.4456338582677164
20
-4.8161669685039366
11
4.4500720078740157
21
-4.834653346456693
0
LINE
8
BLACK
6
CONTINUOUS
10
4.4500720078740157
20
-4.834653346456693
11
4.4530461023622046
21
-4.8534309055118108
0
LINE
8
BLACK
6
CONTINUOUS
10
4.4530461023622046
20
-4.8534309055118108
11
4.4545377559055117
21
-4.8723839370078741
0
LINE
8
BLACK
6
CONTINUOUS
10
4.4545377559055117
20
-4.8723839370078741
11
4.4545377559055117
21
-4.8913955905511806
0
LINE
8
BLACK
6
CONTINUOUS
10
4.4545377559055117
20
-4.8913955905511806
11
4.4530461023622046
21
-4.9103486220472439
0
LINE
8
BLACK
6
CONTINUOUS
10
4.4530461023622046
20
-4.9103486220472439
11
4.4500720078740157
21
-4.9291261811023617
0
LINE
8
BLACK
6
CONTINUOUS
10
4.4500720078740157
20
-4.9291261811023617
11
4.4456338582677164
21
-4.9476125590551181
0
LINE
8
BLACK
6
CONTINUOUS
10
4.4456338582677164
20
-4.9476125590551181
11
4.4397589370078743
21
-4.9656937007874014
0
LINE
8
BLACK
6
CONTINUOUS
10
4.4397589370078743
20
-4.9656937007874014
11
4.4324835039370081
21
-4.9832581496062991
0
LINE
8
BLACK
6
CONTINUOUS
10
4.4324835039370081
20
-4.9832581496062991
11
4.4238523622047241
21
-5.000197677165354
0
LINE
8
BLACK
6
CONTINUOUS
10
4.4238523622047241
20
-5.000197677165354
11
4.4139188188976375
21
-5.0164077559055116
0
LINE
8
BLACK
6
CONTINUOUS
10
4.4139188188976375
20
-5.0164077559055116
11
4.4027440551181103
21
-5.0317885039370074
0
LINE
8
BLACK
6
CONTINUOUS
10
4.4027440551181103
20
-5.0317885039370074
11
4.3903969685039366
21
-5.0462450787401574
0
LINE
8
BLACK
6
CONTINUOUS
10
4.3903969685039366
20
-5.0462450787401574
11
4.3769537401574805
21
-5.0596883070866143
0
LINE
8
BLACK
6
CONTINUOUS
10
4.3769537401574805
20
-5.0596883070866143
11
4.3624971653543305
21
-5.0720353937007872
0
LINE
8
BLACK
6
CONTINUOUS
10
4.3624971653543305
20
-5.0720353937007872
11
4.3471164173228347
21
-5.0832101574803152
0
LINE
8
BLACK
6
CONTINUOUS
10
4.3471164173228347
20
-5.0832101574803152
11
4.3309063385826772
21
-5.0931437007874019
0
LINE
8
BLACK
6
CONTINUOUS
10
4.3309063385826772
20
-5.0931437007874019
11
4.3139668110236222
21
-5.1017748425196849
0
LINE
8
BLACK
6
CONTINUOUS
10
4.3139668110236222
20
-5.1017748425196849
11
4.2964023622047245
21
-5.1090502755905511
0
LINE
8
BLACK
6
CONTINUOUS
10
4.2964023622047245
20
-5.1090502755905511
11
4.2783212204724412
21
-5.1149251968503933
0
LINE
8
BLACK
6
CONTINUOUS
10
4.2783212204724412
20
-5.1149251968503933
11
4.2598348425196848
21
-5.1193633464566926
0
LINE
8
BLACK
6
CONTINUOUS
10
4.2598348425196848
20
-5.1193633464566926
11
4.241057283464567
21
-5.1223374409448814
0
LINE
8
BLACK
6
CONTINUOUS
10
4.241057283464567
20
-5.1223374409448814
11
4.2221042519685037
21
-5.1238290944881886
0
LINE
8
BLACK
6
CONTINUOUS
10
4.2221042519685037
20
-5.1238290944881886
11
4.2030925984251963
21
-5.1238290944881886
0
LINE
8
BLACK
6
CONTINUOUS
10
4.2030925984251963
20
-5.1238290944881886
11
4.1841395669291339
21
-5.1223374409448814
0
LINE
8
BLACK
6
CONTINUOUS
10
4.1841395669291339
20
-5.1223374409448814
11
4.1653620078740152
21
-5.1193633464566926
0
LINE
8
BLACK
6
CONTINUOUS
10
4.1653620078740152
20
-5.1193633464566926
11
4.1468756299212597
21
-5.1149251968503933
0
LINE
8
BLACK
6
CONTINUOUS
10
4.1468756299212597
20
-5.1149251968503933
11
4.1287944881889764
21
-5.1090502755905511
0
LINE
8
BLACK
6
CONTINUOUS
10
4.1287944881889764
20
-5.1090502755905511
11
4.1112300393700787
21
-5.1017748425196849
0
LINE
8
BLACK
6
CONTINUOUS
10
4.1112300393700787
20
-5.1017748425196849
11
4.0942905118110238
21
-5.0931437007874019
0
LINE
8
BLACK
6
CONTINUOUS
10
4.0942905118110238
20
-5.0931437007874019
11
4.0780804330708662
21
-5.0832101574803152
0
LINE
8
BLACK
6
CONTINUOUS
10
4.0780804330708662
20
-5.0832101574803152
11
4.0626996850393704
21
-5.0720353937007872
0
LINE
8
BLACK
6
CONTINUOUS
10
4.0626996850393704
20
-5.0720353937007872
11
4.0482431102362204
21
-5.0596883070866143
0
LINE
8
BLACK
6
CONTINUOUS
10
4.0482431102362204
20
-5.0596883070866143
11
4.0347998818897635
21
-5.0462450787401574
0
LINE
8
BLACK
6
CONTINUOUS
10
4.0347998818897635
20
-5.0462450787401574
11
4.0224527952755906
21
-5.0317885039370074
0
LINE
8
BLACK
6
CONTINUOUS
10
4.0224527952755906
20
-5.0317885039370074
11
4.0112780314960625
21
-5.0164077559055116
0
LINE
8
BLACK
6
CONTINUOUS
10
4.0112780314960625
20
-5.0164077559055116
11
4.0013444881889759
21
-5.000197677165354
0
LINE
8
BLACK
6
CONTINUOUS
10
4.0013444881889759
20
-5.000197677165354
11
3.9927133464566928
21
-4.9832581496062991
0
LINE
8
BLACK
6
CONTINUOUS
10
3.9927133464566928
20
-4.9832581496062991
11
3.9854379133858266
21
-4.9656937007874014
0
LINE
8
BLACK
6
CONTINUOUS
10
3.9854379133858266
20
-4.9656937007874014
11
3.9795629921259841
21
-4.9476125590551181
0
LINE
8
BLACK
6
CONTINUOUS
10
3.9795629921259841
20
-4.9476125590551181
11
3.9751248425196848
21
-4.9291261811023617
0
LINE
8
BLACK
6
CONTINUOUS
10
3.9751248425196848
20
-4.9291261811023617
11
3.9721507480314959
21
-4.9103486220472439
0
LINE
8
BLACK
6
CONTINUOUS
10
3.9721507480314959
20
-4.9103486220472439
11
3.9706590944881888
21
-4.8913955905511806
0
LINE
8
BLACK
6
CONTINUOUS
10
3.9706590944881888
20
-4.8913955905511806
11
3.9706590944881888
21
-4.8725312992125982
0
LINE
8
BLACK
6
CONTINUOUS
10
3.9706590944881888
20
-4.8725312992125982
11
3.9706590944881888
21
-4.8723839370078741
0
LINE
8
BLACK
6
CONTINUOUS
10
3.9706590944881888
20
-4.8723839370078741
11
3.9721507480314959
21
-4.8534309055118108
0
LINE
8
BLACK
6
CONTINUOUS
10
3.9721507480314959
20
-4.8534309055118108
11
3.9751248425196848
21
-4.834653346456693
0
LINE
8
BLACK
6
CONTINUOUS
10
3.9751248425196848
20
-4.834653346456693
11
3.9795629921259841
21
-4.8161669685039366
0
LINE
8
BLACK
6
CONTINUOUS
10
3.9795629921259841
20
-4.8161669685039366
11
3.9854379133858266
21
-4.7980858267716533
0
LINE
8
BLACK
6
CONTINUOUS
10
3.9854379133858266
20
-4.7980858267716533
11
3.9927133464566928
21
-4.7805213779527556
0
LINE
8
BLACK
6
CONTINUOUS
10
3.9927133464566928
20
-4.7805213779527556
11
4.0013444881889759
21
-4.7635818503937006
0
LINE
8
BLACK
6
CONTINUOUS
10
4.0013444881889759
20
-4.7635818503937006
11
4.0112780314960625
21
-4.7473717716535431
0
LINE
8
BLACK
6
CONTINUOUS
10
4.0112780314960625
20
-4.7473717716535431
11
4.0224527952755906
21
-4.7319910236220473
0
LINE
8
BLACK
6
CONTINUOUS
10
4.0224527952755906
20
-4.7319910236220473
11
4.0347998818897635
21
-4.7175344488188973
0
LINE
8
BLACK
6
CONTINUOUS
10
4.0347998818897635
20
-4.7175344488188973
11
4.0482431102362204
21
-4.7040912204724412
0
LINE
8
BLACK
6
CONTINUOUS
10
4.0482431102362204
20
-4.7040912204724412
11
4.0626996850393704
21
-4.6917441338582675
0
LINE
8
BLACK
6
CONTINUOUS
10
4.0626996850393704
20
-4.6917441338582675
11
4.0780804330708662
21
-4.6805693700787403
0
LINE
8
BLACK
6
CONTINUOUS
10
4.0780804330708662
20
-4.6805693700787403
11
4.0942905118110238
21
-4.6706358267716537
0
LINE
8
BLACK
6
CONTINUOUS
10
4.0942905118110238
20
-4.6706358267716537
11
4.1112300393700787
21
-4.6620046850393697
0
LINE
8
BLACK
6
CONTINUOUS
10
4.1112300393700787
20
-4.6620046850393697
11
4.1287944881889764
21
-4.6547292519685035
0
LINE
8
BLACK
6
CONTINUOUS
10
4.1287944881889764
20
-4.6547292519685035
11
4.1468756299212597
21
-4.6488543307086614
0
LINE
8
BLACK
6
CONTINUOUS
10
4.1468756299212597
20
-4.6488543307086614
11
4.1653620078740152
21
-4.6444161811023621
0
LINE
8
BLACK
6
CONTINUOUS
10
4.1653620078740152
20
-4.6444161811023621
11
4.1841395669291339
21
-4.6414420866141732
0
LINE
8
BLACK
6
CONTINUOUS
10
4.1841395669291339
20
-4.6414420866141732
11
4.2030925984251963
21
-4.6399504330708661
0
LINE
8
BLACK
6
CONTINUOUS
10
4.2030925984251963
20
-4.6399504330708661
11
4.2221042519685037
21
-4.6399504330708661
0
LINE
8
BLACK
6
CONTINUOUS
10
4.2221042519685037
20
-4.6399504330708661
11
4.241057283464567
21
-4.6414420866141732
0
LINE
8
BLACK
6
CONTINUOUS
10
3.9744094488188977
20
-4.8912482283464565
11
3.9758779527559054
21
-4.9099074803149607
0
LINE
8
BLACK
6
CONTINUOUS
10
3.9758779527559054
20
-4.9099074803149607
11
3.9788059448818895
21
-4.9283939763779525
0
LINE
8
BLACK
6
CONTINUOUS
10
3.9788059448818895
20
-4.9283939763779525
11
3.9831753149606297
21
-4.946593779527559
0
LINE
8
BLACK
6
CONTINUOUS
10
3.9831753149606297
20
-4.946593779527559
11
3.9889591732283463
21
-4.9643946456692909
0
LINE
8
BLACK
6
CONTINUOUS
10
3.9889591732283463
20
-4.9643946456692909
11
3.9961218503937008
21
-4.9816868503937011
0
LINE
8
BLACK
6
CONTINUOUS
10
3.9961218503937008
20
-4.9816868503937011
11
4.0046191338582675
21
-4.9983637401574805
0
LINE
8
BLACK
6
CONTINUOUS
10
4.0046191338582675
20
-4.9983637401574805
11
4.0143987401574801
21
-5.0143225590551177
0
LINE
8
BLACK
6
CONTINUOUS
10
4.0143987401574801
20
-5.0143225590551177
11
4.0254002755905507
21
-5.0294648818897638
0
LINE
8
BLACK
6
CONTINUOUS
10
4.0254002755905507
20
-5.0294648818897638
11
4.0375559448818894
21
-5.0436973622047239
0
LINE
8
BLACK
6
CONTINUOUS
10
4.0375559448818894
20
-5.0436973622047239
11
4.050790826771653
21
-5.0569322440944884
0
LINE
8
BLACK
6
CONTINUOUS
10
4.050790826771653
20
-5.0569322440944884
11
4.065023307086614
21
-5.0690879133858271
0
LINE
8
BLACK
6
CONTINUOUS
10
4.065023307086614
20
-5.0690879133858271
11
4.0801656299212601
21
-5.0800894488188977
0
LINE
8
BLACK
6
CONTINUOUS
10
4.0801656299212601
20
-5.0800894488188977
11
4.0961244488188973
21
-5.0898690551181103
0
LINE
8
BLACK
6
CONTINUOUS
10
4.0961244488188973
20
-5.0898690551181103
11
4.1128013385826767
21
-5.098366338582677
0
LINE
8
BLACK
6
CONTINUOUS
10
4.1128013385826767
20
-5.098366338582677
11
4.1300935433070869
21
-5.1055290157480311
0
LINE
8
BLACK
6
CONTINUOUS
10
4.1300935433070869
20
-5.1055290157480311
11
4.1478944094488188
21
-5.1113128740157476
0
LINE
8
BLACK
6
CONTINUOUS
10
4.1478944094488188
20
-5.1113128740157476
11
4.1660942125984253
21
-5.1156822440944882
0
LINE
8
BLACK
6
CONTINUOUS
10
4.1660942125984253
20
-5.1156822440944882
11
4.1845807086614171
21
-5.118610236220472
0
LINE
8
BLACK
6
CONTINUOUS
10
4.1845807086614171
20
-5.118610236220472
11
4.2032399606299213
21
-5.1200787401574805
0
LINE
8
BLACK
6
CONTINUOUS
10
4.2032399606299213
20
-5.1200787401574805
11
4.2219568897637796
21
-5.1200787401574805
0
LINE
8
BLACK
6
CONTINUOUS
10
4.2219568897637796
20
-5.1200787401574805
11
4.240616141732283
21
-5.118610236220472
0
LINE
8
BLACK
6
CONTINUOUS
10
4.240616141732283
20
-5.118610236220472
11
4.2591026377952756
21
-5.1156822440944882
0
LINE
8
BLACK
6
CONTINUOUS
10
4.2591026377952756
20
-5.1156822440944882
11
4.2773024409448821
21
-5.1113128740157476
0
LINE
8
BLACK
6
CONTINUOUS
10
4.2773024409448821
20
-5.1113128740157476
11
4.295103307086614
21
-5.1055290157480311
0
LINE
8
BLACK
6
CONTINUOUS
10
4.295103307086614
20
-5.1055290157480311
11
4.3123955118110233
21
-5.098366338582677
0
LINE
8
BLACK
6
CONTINUOUS
10
4.3123955118110233
20
-5.098366338582677
11
4.3290724015748028
21
-5.0898690551181103
0
LINE
8
BLACK
6
CONTINUOUS
10
4.3290724015748028
20
-5.0898690551181103
11
4.3450312204724408
21
-5.0800894488188977
0
LINE
8
BLACK
6
CONTINUOUS
10
4.3450312204724408
20
-5.0800894488188977
11
4.360173543307087
21
-5.0690879133858271
0
LINE
8
BLACK
6
CONTINUOUS
10
4.360173543307087
20
-5.0690879133858271
11
4.374406023622047
21
-5.0569322440944884
0
LINE
8
BLACK
6
CONTINUOUS
10
4.374406023622047
20
-5.0569322440944884
11
4.3876409055118106
21
-5.0436973622047239
0
LINE
8
BLACK
6
CONTINUOUS
10
4.3876409055118106
20
-5.0436973622047239
11
4.3997965748031493
21
-5.0294648818897638
0
LINE
8
BLACK
6
CONTINUOUS
10
4.3997965748031493
20
-5.0294648818897638
11
4.4107981102362208
21
-5.0143225590551177
0
LINE
8
BLACK
6
CONTINUOUS
10
4.4107981102362208
20
-5.0143225590551177
11
4.4205777165354334
21
-4.9983637401574805
0
LINE
8
BLACK
6
CONTINUOUS
10
4.4205777165354334
20
-4.9983637401574805
11
4.4290750000000001
21
-4.9816868503937011
0
LINE
8
BLACK
6
CONTINUOUS
10
4.4290750000000001
20
-4.9816868503937011
11
4.4362376771653542
21
-4.9643946456692909
0
LINE
8
BLACK
6
CONTINUOUS
10
4.4362376771653542
20
-4.9643946456692909
11
4.4420215354330708
21
-4.946593779527559
0
LINE
8
BLACK
6
CONTINUOUS
10
4.4420215354330708
20
-4.946593779527559
11
4.4463909055118105
21
-4.9283939763779525
0
LINE
8
BLACK
6
CONTINUOUS
10
4.4463909055118105
20
-4.9283939763779525
11
4.4493188976377951
21
-4.9099074803149607
0
LINE
8
BLACK
6
CONTINUOUS
10
4.4493188976377951
20
-4.9099074803149607
11
4.4507874015748028
21
-4.8912482283464565
0
LINE
8
BLACK
6
CONTINUOUS
10
4.4507874015748028
20
-4.8912482283464565
11
4.4507874015748028
21
-4.8725312992125982
0
LINE
8
BLACK
6
CONTINUOUS
10
4.4507874015748028
20
-4.8725312992125982
11
4.4493188976377951
21
-4.8538720472440939
0
LINE
8
BLACK
6
CONTINUOUS
10
4.4493188976377951
20
-4.8538720472440939
11
4.4463909055118105
21
-4.8353855511811021
0
LINE
8
BLACK
6
CONTINUOUS
10
4.4463909055118105
20
-4.8353855511811021
11
4.4420215354330708
21
-4.8171857480314957
0
LINE
8
BLACK
6
CONTINUOUS
10
4.4420215354330708
20
-4.8171857480314957
11
4.4362376771653542
21
-4.7993848818897638
0
LINE
8
BLACK
6
CONTINUOUS
10
4.4362376771653542
20
-4.7993848818897638
11
4.4290750000000001
21
-4.7820926771653545
0
LINE
8
BLACK
6
CONTINUOUS
10
4.4290750000000001
20
-4.7820926771653545
11
4.4205777165354334
21
-4.765415787401575
0
LINE
8
BLACK
6
CONTINUOUS
10
4.4205777165354334
20
-4.765415787401575
11
4.4107981102362208
21
-4.7494569685039369
0
LINE
8
BLACK
6
CONTINUOUS
10
4.4107981102362208
20
-4.7494569685039369
11
4.3997965748031493
21
-4.7343146456692908
0
LINE
8
BLACK
6
CONTINUOUS
10
4.3997965748031493
20
-4.7343146456692908
11
4.3876409055118106
21
-4.7200821653543308
0
LINE
8
BLACK
6
CONTINUOUS
10
4.3876409055118106
20
-4.7200821653543308
11
4.374406023622047
21
-4.7068472834645672
0
LINE
8
BLACK
6
CONTINUOUS
10
4.374406023622047
20
-4.7068472834645672
11
4.360173543307087
21
-4.6946916141732284
0
LINE
8
BLACK
6
CONTINUOUS
10
4.360173543307087
20
-4.6946916141732284
11
4.3450312204724408
21
-4.683690078740157
0
LINE
8
BLACK
6
CONTINUOUS
10
4.3450312204724408
20
-4.683690078740157
11
4.3290724015748028
21
-4.6739104724409444
0
LINE
8
BLACK
6
CONTINUOUS
10
4.3290724015748028
20
-4.6739104724409444
11
4.3123955118110233
21
-4.6654131889763777
0
LINE
8
BLACK
6
CONTINUOUS
10
4.3123955118110233
20
-4.6654131889763777
11
4.295103307086614
21
-4.6582505118110236
0
LINE
8
BLACK
6
CONTINUOUS
10
4.295103307086614
20
-4.6582505118110236
11
4.2773024409448821
21
-4.652466653543307
0
LINE
8
BLACK
6
CONTINUOUS
10
4.2773024409448821
20
-4.652466653543307
11
4.2591026377952756
21
-4.6480972834645664
0
LINE
8
BLACK
6
CONTINUOUS
10
4.2591026377952756
20
-4.6480972834645664
11
4.240616141732283
21
-4.6451692913385827
0
LINE
8
BLACK
6
CONTINUOUS
10
4.240616141732283
20
-4.6451692913385827
11
4.2219568897637796
21
-4.643700787401575
0
LINE
8
BLACK
6
CONTINUOUS
10
4.2219568897637796
20
-4.643700787401575
11
4.2032399606299213
21
-4.643700787401575
0
LINE
8
BLACK
6
CONTINUOUS
10
4.2032399606299213
20
-4.643700787401575
11
4.1845807086614171
21
-4.6451692913385827
0
LINE
8
BLACK
6
CONTINUOUS
10
4.1845807086614171
20
-4.6451692913385827
11
4.1660942125984253
21
-4.6480972834645664
0
LINE
8
BLACK
6
CONTINUOUS
10
4.1660942125984253
20
-4.6480972834645664
11
4.1478944094488188
21
-4.652466653543307
0
LINE
8
BLACK
6
CONTINUOUS
10
4.1478944094488188
20
-4.652466653543307
11
4.1300935433070869
21
-4.6582505118110236
0
LINE
8
BLACK
6
CONTINUOUS
10
4.1300935433070869
20
-4.6582505118110236
11
4.1128013385826767
21
-4.6654131889763777
0
LINE
8
BLACK
6
CONTINUOUS
10
4.1128013385826767
20
-4.6654131889763777
11
4.0961244488188973
21
-4.6739104724409444
0
LINE
8
BLACK
6
CONTINUOUS
10
4.0961244488188973
20
-4.6739104724409444
11
4.0801656299212601
21
-4.683690078740157
0
LINE
8
BLACK
6
CONTINUOUS
10
4.0801656299212601
20
-4.683690078740157
11
4.065023307086614
21
-4.6946916141732284
0
LINE
8
BLACK
6
CONTINUOUS
10
4.065023307086614
20
-4.6946916141732284
11
4.050790826771653
21
-4.7068472834645672
0
LINE
8
BLACK
6
CONTINUOUS
10
4.050790826771653
20
-4.7068472834645672
11
4.0375559448818894
21
-4.7200821653543308
0
LINE
8
BLACK
6
CONTINUOUS
10
4.0375559448818894
20
-4.7200821653543308
11
4.0254002755905507
21
-4.7343146456692908
0
LINE
8
BLACK
6
CONTINUOUS
10
4.0254002755905507
20
-4.7343146456692908
11
4.0143987401574801
21
-4.7494569685039369
0
LINE
8
BLACK
6
CONTINUOUS
10
4.0143987401574801
20
-4.7494569685039369
11
4.0046191338582675
21
-4.765415787401575
0
LINE
8
BLACK
6
CONTINUOUS
10
4.0046191338582675
20
-4.765415787401575
11
3.9961218503937008
21
-4.7820926771653545
0
LINE
8
BLACK
6
CONTINUOUS
10
3.9961218503937008
20
-4.7820926771653545
11
3.9889591732283463
21
-4.7993848818897638
0
LINE
8
BLACK
6
CONTINUOUS
10
3.9889591732283463
20
-4.7993848818897638
11
3.9831753149606297
21
-4.8171857480314957
0
LINE
8
BLACK
6
CONTINUOUS
10
3.9831753149606297
20
-4.8171857480314957
11
3.9788059448818895
21
-4.8353855511811021
0
LINE
8
BLACK
6
CONTINUOUS
10
3.9788059448818895
20
-4.8353855511811021
11
3.9758779527559054
21
-4.8538720472440939
0
LINE
8
BLACK
6
CONTINUOUS
10
3.9758779527559054
20
-4.8538720472440939
11
3.9744094488188977
21
-4.8725312992125982
0
LINE
8
BLACK
6
CONTINUOUS
10
3.9744094488188977
20
-4.8725312992125982
11
3.9744094488188977
21
-4.8912482283464565
0
LINE
8
BLACK
6
CONTINUOUS
10
7.1938131889763781
20
-4.6414420866141732
11
7.2125907480314959
21
-4.6444161811023621
0
LINE
8
BLACK
6
CONTINUOUS
10
7.2125907480314959
20
-4.6444161811023621
11
7.2310771259842515
21
-4.6488543307086614
0
LINE
8
BLACK
6
CONTINUOUS
10
7.2310771259842515
20
-4.6488543307086614
11
7.2491582677165356
21
-4.6547292519685035
0
LINE
8
BLACK
6
CONTINUOUS
10
7.2491582677165356
20
-4.6547292519685035
11
7.2667227165354333
21
-4.6620046850393697
0
LINE
8
BLACK
6
CONTINUOUS
10
7.2667227165354333
20
-4.6620046850393697
11
7.2836622440944883
21
-4.6706358267716537
0
LINE
8
BLACK
6
CONTINUOUS
10
7.2836622440944883
20
-4.6706358267716537
11
7.2998723228346458
21
-4.6805693700787403
0
LINE
8
BLACK
6
CONTINUOUS
10
7.2998723228346458
20
-4.6805693700787403
11
7.3152530708661416
21
-4.6917441338582675
0
LINE
8
BLACK
6
CONTINUOUS
10
7.3152530708661416
20
-4.6917441338582675
11
7.3297096456692907
21
-4.7040912204724412
0
LINE
8
BLACK
6
CONTINUOUS
10
7.3297096456692907
20
-4.7040912204724412
11
7.3431528740157477
21
-4.7175344488188973
0
LINE
8
BLACK
6
CONTINUOUS
10
7.3431528740157477
20
-4.7175344488188973
11
7.3554999606299214
21
-4.7319910236220473
0
LINE
8
BLACK
6
CONTINUOUS
10
7.3554999606299214
20
-4.7319910236220473
11
7.3666747244094486
21
-4.7473717716535431
0
LINE
8
BLACK
6
CONTINUOUS
10
7.3666747244094486
20
-4.7473717716535431
11
7.3766082677165352
21
-4.7635818503937006
0
LINE
8
BLACK
6
CONTINUOUS
10
7.3766082677165352
20
-4.7635818503937006
11
7.3852394094488183
21
-4.7805213779527556
0
LINE
8
BLACK
6
CONTINUOUS
10
7.3852394094488183
20
-4.7805213779527556
11
7.3925148425196845
21
-4.7980858267716533
0
LINE
8
BLACK
6
CONTINUOUS
10
7.3925148425196845
20
-4.7980858267716533
11
7.3983897637795275
21
-4.8161669685039366
0
LINE
8
BLACK
6
CONTINUOUS
10
7.3983897637795275
20
-4.8161669685039366
11
7.4028279133858268
21
-4.834653346456693
0
LINE
8
BLACK
6
CONTINUOUS
10
7.4028279133858268
20
-4.834653346456693
11
7.4058020078740157
21
-4.8534309055118108
0
LINE
8
BLACK
6
CONTINUOUS
10
7.4058020078740157
20
-4.8534309055118108
11
7.4072936614173228
21
-4.8723839370078741
0
LINE
8
BLACK
6
CONTINUOUS
10
7.4072936614173228
20
-4.8723839370078741
11
7.4072936614173228
21
-4.8913955905511806
0
LINE
8
BLACK
6
CONTINUOUS
10
7.4072936614173228
20
-4.8913955905511806
11
7.4058020078740157
21
-4.9103486220472439
0
LINE
8
BLACK
6
CONTINUOUS
10
7.4058020078740157
20
-4.9103486220472439
11
7.4028279133858268
21
-4.9291261811023617
0
LINE
8
BLACK
6
CONTINUOUS
10
7.4028279133858268
20
-4.9291261811023617
11
7.3983897637795275
21
-4.9476125590551181
0
LINE
8
BLACK
6
CONTINUOUS
10
7.3983897637795275
20
-4.9476125590551181
11
7.3925148425196845
21
-4.9656937007874014
0
LINE
8
BLACK
6
CONTINUOUS
10
7.3925148425196845
20
-4.9656937007874014
11
7.3852394094488183
21
-4.9832581496062991
0
LINE
8
BLACK
6
CONTINUOUS
10
7.3852394094488183
20
-4.9832581496062991
11
7.3766082677165352
21
-5.000197677165354
0
LINE
8
BLACK
6
CONTINUOUS
10
7.3766082677165352
20
-5.000197677165354
11
7.3666747244094486
21
-5.0164077559055116
0
LINE
8
BLACK
6
CONTINUOUS
10
7.3666747244094486
20
-5.0164077559055116
11
7.3554999606299214
21
-5.0317885039370074
0
LINE
8
BLACK
6
CONTINUOUS
10
7.3554999606299214
20
-5.0317885039370074
11
7.3431528740157477
21
-5.0462450787401574
0
LINE
8
BLACK
6
CONTINUOUS
10
7.3431528740157477
20
-5.0462450787401574
11
7.3297096456692907
21
-5.0596883070866143
0
LINE
8
BLACK
6
CONTINUOUS
10
7.3297096456692907
20
-5.0596883070866143
11
7.3152530708661416
21
-5.0720353937007872
0
LINE
8
BLACK
6
CONTINUOUS
10
7.3152530708661416
20
-5.0720353937007872
11
7.2998723228346458
21
-5.0832101574803152
0
LINE
8
BLACK
6
CONTINUOUS
10
7.2998723228346458
20
-5.0832101574803152
11
7.2836622440944883
21
-5.0931437007874019
0
LINE
8
BLACK
6
CONTINUOUS
10
7.2836622440944883
20
-5.0931437007874019
11
7.2667227165354333
21
-5.1017748425196849
0
LINE
8
BLACK
6
CONTINUOUS
10
7.2667227165354333
20
-5.1017748425196849
11
7.2491582677165356
21
-5.1090502755905511
0
LINE
8
BLACK
6
CONTINUOUS
10
7.2491582677165356
20
-5.1090502755905511
11
7.2310771259842515
21
-5.1149251968503933
0
LINE
8
BLACK
6
CONTINUOUS
10
7.2310771259842515
20
-5.1149251968503933
11
7.2125907480314959
21
-5.1193633464566926
0
LINE
8
BLACK
6
CONTINUOUS
10
7.2125907480314959
20
-5.1193633464566926
11
7.1938131889763781
21
-5.1223374409448814
0
LINE
8
BLACK
6
CONTINUOUS
10
7.1938131889763781
20
-5.1223374409448814
11
7.1748601574803148
21
-5.1238290944881886
0
LINE
8
BLACK
6
CONTINUOUS
10
7.1748601574803148
20
-5.1238290944881886
11
7.1558485039370074
21
-5.1238290944881886
0
LINE
8
BLACK
6
CONTINUOUS
10
7.1558485039370074
20
-5.1238290944881886
11
7.136895472440945
21
-5.1223374409448814
0
LINE
8
BLACK
6
CONTINUOUS
10
7.136895472440945
20
-5.1223374409448814
11
7.1181179133858263
21
-5.1193633464566926
0
LINE
8
BLACK
6
CONTINUOUS
10
7.1181179133858263
20
-5.1193633464566926
11
7.0996315354330708
21
-5.1149251968503933
0
LINE
8
BLACK
6
CONTINUOUS
10
7.0996315354330708
20
-5.1149251968503933
11
7.0815503937007875
21
-5.1090502755905511
0
LINE
8
BLACK
6
CONTINUOUS
10
7.0815503937007875
20
-5.1090502755905511
11
7.0639859448818898
21
-5.1017748425196849
0
LINE
8
BLACK
6
CONTINUOUS
10
7.0639859448818898
20
-5.1017748425196849
11
7.0470464173228349
21
-5.0931437007874019
0
LINE
8
BLACK
6
CONTINUOUS
10
7.0470464173228349
20
-5.0931437007874019
11
7.0308363385826773
21
-5.0832101574803152
0
LINE
8
BLACK
6
CONTINUOUS
10
7.0308363385826773
20
-5.0832101574803152
11
7.0154555905511806
21
-5.0720353937007872
0
LINE
8
BLACK
6
CONTINUOUS
10
7.0154555905511806
20
-5.0720353937007872
11
7.0009990157480315
21
-5.0596883070866143
0
LINE
8
BLACK
6
CONTINUOUS
10
7.0009990157480315
20
-5.0596883070866143
11
6.9875557874015746
21
-5.0462450787401574
0
LINE
8
BLACK
6
CONTINUOUS
10
6.9875557874015746
20
-5.0462450787401574
11
6.9752087007874017
21
-5.0317885039370074
0
LINE
8
BLACK
6
CONTINUOUS
10
6.9752087007874017
20
-5.0317885039370074
11
6.9640339370078737
21
-5.0164077559055116
0
LINE
8
BLACK
6
CONTINUOUS
10
6.9640339370078737
20
-5.0164077559055116
11
6.954100393700787
21
-5.000197677165354
0
LINE
8
BLACK
6
CONTINUOUS
10
6.954100393700787
20
-5.000197677165354
11
6.945469251968504
21
-4.9832581496062991
0
LINE
8
BLACK
6
CONTINUOUS
10
6.945469251968504
20
-4.9832581496062991
11
6.9381938188976378
21
-4.9656937007874014
0
LINE
8
BLACK
6
CONTINUOUS
10
6.9381938188976378
20
-4.9656937007874014
11
6.9323188976377947
21
-4.9476125590551181
0
LINE
8
BLACK
6
CONTINUOUS
10
6.9323188976377947
20
-4.9476125590551181
11
6.9278807480314963
21
-4.9291261811023617
0
LINE
8
BLACK
6
CONTINUOUS
10
6.9278807480314963
20
-4.9291261811023617
11
6.9249066535433066
21
-4.9103486220472439
0
LINE
8
BLACK
6
CONTINUOUS
10
6.9249066535433066
20
-4.9103486220472439
11
6.9234149999999994
21
-4.8913955905511806
0
LINE
8
BLACK
6
CONTINUOUS
10
6.9234149999999994
20
-4.8913955905511806
11
6.9234149999999994
21
-4.8725312992125982
0
LINE
8
BLACK
6
CONTINUOUS
10
6.9234149999999994
20
-4.8725312992125982
11
6.9234149999999994
21
-4.8723839370078741
0
LINE
8
BLACK
6
CONTINUOUS
10
6.9234149999999994
20
-4.8723839370078741
11
6.9249066535433066
21
-4.8534309055118108
0
LINE
8
BLACK
6
CONTINUOUS
10
6.9249066535433066
20
-4.8534309055118108
11
6.9278807480314963
21
-4.834653346456693
0
LINE
8
BLACK
6
CONTINUOUS
10
6.9278807480314963
20
-4.834653346456693
11
6.9323188976377947
21
-4.8161669685039366
0
LINE
8
BLACK
6
CONTINUOUS
10
6.9323188976377947
20
-4.8161669685039366
11
6.9381938188976378
21
-4.7980858267716533
0
LINE
8
BLACK
6
CONTINUOUS
10
6.9381938188976378
20
-4.7980858267716533
11
6.945469251968504
21
-4.7805213779527556
0
LINE
8
BLACK
6
CONTINUOUS
10
6.945469251968504
20
-4.7805213779527556
11
6.954100393700787
21
-4.7635818503937006
0
LINE
8
BLACK
6
CONTINUOUS
10
6.954100393700787
20
-4.7635818503937006
11
6.9640339370078737
21
-4.7473717716535431
0
LINE
8
BLACK
6
CONTINUOUS
10
6.9640339370078737
20
-4.7473717716535431
11
6.9752087007874017
21
-4.7319910236220473
0
LINE
8
BLACK
6
CONTINUOUS
10
6.9752087007874017
20
-4.7319910236220473
11
6.9875557874015746
21
-4.7175344488188973
0
LINE
8
BLACK
6
CONTINUOUS
10
6.9875557874015746
20
-4.7175344488188973
11
7.0009990157480315
21
-4.7040912204724412
0
LINE
8
BLACK
6
CONTINUOUS
10
7.0009990157480315
20
-4.7040912204724412
11
7.0154555905511806
21
-4.6917441338582675
0
LINE
8
BLACK
6
CONTINUOUS
10
7.0154555905511806
20
-4.6917441338582675
11
7.0308363385826773
21
-4.6805693700787403
0
LINE
8
BLACK
6
CONTINUOUS
10
7.0308363385826773
20
-4.6805693700787403
11
7.0470464173228349
21
-4.6706358267716537
0
LINE
8
BLACK
6
CONTINUOUS
10
7.0470464173228349
20
-4.6706358267716537
11
7.0639859448818898
21
-4.6620046850393697
0
LINE
8
BLACK
6
CONTINUOUS
10
7.0639859448818898
20
-4.6620046850393697
11
7.0815503937007875
21
-4.6547292519685035
0
LINE
8
BLACK
6
CONTINUOUS
10
7.0815503937007875
20
-4.6547292519685035
11
7.0996315354330708
21
-4.6488543307086614
0
LINE
8
BLACK
6
CONTINUOUS
10
7.0996315354330708
20
-4.6488543307086614
11
7.1181179133858263
21
-4.6444161811023621
0
LINE
8
BLACK
6
CONTINUOUS
10
7.1181179133858263
20
-4.6444161811023621
11
7.136895472440945
21
-4.6414420866141732
0
LINE
8
BLACK
6
CONTINUOUS
10
7.136895472440945
20
-4.6414420866141732
11
7.1558485039370074
21
-4.6399504330708661
0
LINE
8
BLACK
6
CONTINUOUS
10
7.1558485039370074
20
-4.6399504330708661
11
7.1748601574803148
21
-4.6399504330708661
0
LINE
8
BLACK
6
CONTINUOUS
10
7.1748601574803148
20
-4.6399504330708661
11
7.1938131889763781
21
-4.6414420866141732
0
LINE
8
BLACK
6
CONTINUOUS
10
6.9271653543307083
20
-4.8912482283464565
11
6.9286338582677161
21
-4.9099074803149607
0
LINE
8
BLACK
6
CONTINUOUS
10
6.9286338582677161
20
-4.9099074803149607
11
6.9315618503937007
21
-4.9283939763779525
0
LINE
8
BLACK
6
CONTINUOUS
10
6.9315618503937007
20
-4.9283939763779525
11
6.9359312204724404
21
-4.946593779527559
0
LINE
8
BLACK
6
CONTINUOUS
10
6.9359312204724404
20
-4.946593779527559
11
6.9417150787401569
21
-4.9643946456692909
0
LINE
8
BLACK
6
CONTINUOUS
10
6.9417150787401569
20
-4.9643946456692909
11
6.9488777559055119
21
-4.9816868503937011
0
LINE
8
BLACK
6
CONTINUOUS
10
6.9488777559055119
20
-4.9816868503937011
11
6.9573750393700786
21
-4.9983637401574805
0
LINE
8
BLACK
6
CONTINUOUS
10
6.9573750393700786
20
-4.9983637401574805
11
6.9671546456692912
21
-5.0143225590551177
0
LINE
8
BLACK
6
CONTINUOUS
10
6.9671546456692912
20
-5.0143225590551177
11
6.9781561811023618
21
-5.0294648818897638
0
LINE
8
BLACK
6
CONTINUOUS
10
6.9781561811023618
20
-5.0294648818897638
11
6.9903118503937005
21
-5.0436973622047239
0
LINE
8
BLACK
6
CONTINUOUS
10
6.9903118503937005
20
-5.0436973622047239
11
7.0035467322834641
21
-5.0569322440944884
0
LINE
8
BLACK
6
CONTINUOUS
10
7.0035467322834641
20
-5.0569322440944884
11
7.0177792125984251
21
-5.0690879133858271
0
LINE
8
BLACK
6
CONTINUOUS
10
7.0177792125984251
20
-5.0690879133858271
11
7.0329215354330703
21
-5.0800894488188977
0
LINE
8
BLACK
6
CONTINUOUS
10
7.0329215354330703
20
-5.0800894488188977
11
7.0488803543307084
21
-5.0898690551181103
0
LINE
8
BLACK
6
CONTINUOUS
10
7.0488803543307084
20
-5.0898690551181103
11
7.0655572440944878
21
-5.098366338582677
0
LINE
8
BLACK
6
CONTINUOUS
10
7.0655572440944878
20
-5.098366338582677
11
7.0828494488188971
21
-5.1055290157480311
0
LINE
8
BLACK
6
CONTINUOUS
10
7.0828494488188971
20
-5.1055290157480311
11
7.1006503149606299
21
-5.1113128740157476
0
LINE
8
BLACK
6
CONTINUOUS
10
7.1006503149606299
20
-5.1113128740157476
11
7.1188501181102364
21
-5.1156822440944882
0
LINE
8
BLACK
6
CONTINUOUS
10
7.1188501181102364
20
-5.1156822440944882
11
7.1373366141732282
21
-5.118610236220472
0
LINE
8
BLACK
6
CONTINUOUS
10
7.1373366141732282
20
-5.118610236220472
11
7.1559958661417324
21
-5.1200787401574805
0
LINE
8
BLACK
6
CONTINUOUS
10
7.1559958661417324
20
-5.1200787401574805
11
7.1747127952755907
21
-5.1200787401574805
0
LINE
8
BLACK
6
CONTINUOUS
10
7.1747127952755907
20
-5.1200787401574805
11
7.1933720472440941
21
-5.118610236220472
0
LINE
8
BLACK
6
CONTINUOUS
10
7.1933720472440941
20
-5.118610236220472
11
7.2118585433070868
21
-5.1156822440944882
0
LINE
8
BLACK
6
CONTINUOUS
10
7.2118585433070868
20
-5.1156822440944882
11
7.2300583464566923
21
-5.1113128740157476
0
LINE
8
BLACK
6
CONTINUOUS
10
7.2300583464566923
20
-5.1113128740157476
11
7.2478592125984251
21
-5.1055290157480311
0
LINE
8
BLACK
6
CONTINUOUS
10
7.2478592125984251
20
-5.1055290157480311
11
7.2651514173228344
21
-5.098366338582677
0
LINE
8
BLACK
6
CONTINUOUS
10
7.2651514173228344
20
-5.098366338582677
11
7.2818283070866139
21
-5.0898690551181103
0
LINE
8
BLACK
6
CONTINUOUS
10
7.2818283070866139
20
-5.0898690551181103
11
7.2977871259842519
21
-5.0800894488188977
0
LINE
8
BLACK
6
CONTINUOUS
10
7.2977871259842519
20
-5.0800894488188977
11
7.3129294488188972
21
-5.0690879133858271
0
LINE
8
BLACK
6
CONTINUOUS
10
7.3129294488188972
20
-5.0690879133858271
11
7.3271619291338581
21
-5.0569322440944884
0
LINE
8
BLACK
6
CONTINUOUS
10
7.3271619291338581
20
-5.0569322440944884
11
7.3403968110236217
21
-5.0436973622047239
0
LINE
8
BLACK
6
CONTINUOUS
10
7.3403968110236217
20
-5.0436973622047239
11
7.3525524803149604
21
-5.0294648818897638
0
LINE
8
BLACK
6
CONTINUOUS
10
7.3525524803149604
20
-5.0294648818897638
11
7.363554015748031
21
-5.0143225590551177
0
LINE
8
BLACK
6
CONTINUOUS
10
7.363554015748031
20
-5.0143225590551177
11
7.3733336220472436
21
-4.9983637401574805
0
LINE
8
BLACK
6
CONTINUOUS
10
7.3733336220472436
20
-4.9983637401574805
11
7.3818309055118112
21
-4.9816868503937011
0
LINE
8
BLACK
6
CONTINUOUS
10
7.3818309055118112
20
-4.9816868503937011
11
7.3889935826771653
21
-4.9643946456692909
0
LINE
8
BLACK
6
CONTINUOUS
10
7.3889935826771653
20
-4.9643946456692909
11
7.3947774409448819
21
-4.946593779527559
0
LINE
8
BLACK
6
CONTINUOUS
10
7.3947774409448819
20
-4.946593779527559
11
7.3991468110236216
21
-4.9283939763779525
0
LINE
8
BLACK
6
CONTINUOUS
10
7.3991468110236216
20
-4.9283939763779525
11
7.4020748031496062
21
-4.9099074803149607
0
LINE
8
BLACK
6
CONTINUOUS
10
7.4020748031496062
20
-4.9099074803149607
11
7.4035433070866139
21
-4.8912482283464565
0
LINE
8
BLACK
6
CONTINUOUS
10
7.4035433070866139
20
-4.8912482283464565
11
7.4035433070866139
21
-4.8725312992125982
0
LINE
8
BLACK
6
CONTINUOUS
10
7.4035433070866139
20
-4.8725312992125982
11
7.4020748031496062
21
-4.8538720472440939
0
LINE
8
BLACK
6
CONTINUOUS
10
7.4020748031496062
20
-4.8538720472440939
11
7.3991468110236216
21
-4.8353855511811021
0
LINE
8
BLACK
6
CONTINUOUS
10
7.3991468110236216
20
-4.8353855511811021
11
7.3947774409448819
21
-4.8171857480314957
0
LINE
8
BLACK
6
CONTINUOUS
10
7.3947774409448819
20
-4.8171857480314957
11
7.3889935826771653
21
-4.7993848818897638
0
LINE
8
BLACK
6
CONTINUOUS
10
7.3889935826771653
20
-4.7993848818897638
11
7.3818309055118112
21
-4.7820926771653545
0
LINE
8
BLACK
6
CONTINUOUS
10
7.3818309055118112
20
-4.7820926771653545
11
7.3733336220472436
21
-4.765415787401575
0
LINE
8
BLACK
6
CONTINUOUS
10
7.3733336220472436
20
-4.765415787401575
11
7.363554015748031
21
-4.7494569685039369
0
LINE
8
BLACK
6
CONTINUOUS
10
7.363554015748031
20
-4.7494569685039369
11
7.3525524803149604
21
-4.7343146456692908
0
LINE
8
BLACK
6
CONTINUOUS
10
7.3525524803149604
20
-4.7343146456692908
11
7.3403968110236217
21
-4.7200821653543308
0
LINE
8
BLACK
6
CONTINUOUS
10
7.3403968110236217
20
-4.7200821653543308
11
7.3271619291338581
21
-4.7068472834645672
0
LINE
8
BLACK
6
CONTINUOUS
10
7.3271619291338581
20
-4.7068472834645672
11
7.3129294488188972
21
-4.6946916141732284
0
LINE
8
BLACK
6
CONTINUOUS
10
7.3129294488188972
20
-4.6946916141732284
11
7.2977871259842519
21
-4.683690078740157
0
LINE
8
BLACK
6
CONTINUOUS
10
7.2977871259842519
20
-4.683690078740157
11
7.2818283070866139
21
-4.6739104724409444
0
LINE
8
BLACK
6
CONTINUOUS
10
7.2818283070866139
20
-4.6739104724409444
11
7.2651514173228344
21
-4.6654131889763777
0
LINE
8
BLACK
6
CONTINUOUS
10
7.2651514173228344
20
-4.6654131889763777
11
7.2478592125984251
21
-4.6582505118110236
0
LINE
8
BLACK
6
CONTINUOUS
10
7.2478592125984251
20
-4.6582505118110236
11
7.2300583464566923
21
-4.652466653543307
0
LINE
8
BLACK
6
CONTINUOUS
10
7.2300583464566923
20
-4.652466653543307
11
7.2118585433070868
21
-4.6480972834645664
0
LINE
8
BLACK
6
CONTINUOUS
10
7.2118585433070868
20
-4.6480972834645664
11
7.1933720472440941
21
-4.6451692913385827
0
LINE
8
BLACK
6
CONTINUOUS
10
7.1933720472440941
20
-4.6451692913385827
11
7.1747127952755907
21
-4.643700787401575
0
LINE
8
BLACK
6
CONTINUOUS
10
7.1747127952755907
20
-4.643700787401575
11
7.1559958661417324
21
-4.643700787401575
0
LINE
8
BLACK
6
CONTINUOUS
10
7.1559958661417324
20
-4.643700787401575
11
7.1373366141732282
21
-4.6451692913385827
0
LINE
8
BLACK
6
CONTINUOUS
10
7.1373366141732282
20
-4.6451692913385827
11
7.1188501181102364
21
-4.6480972834645664
0
LINE
8
BLACK
6
CONTINUOUS
10
7.1188501181102364
20
-4.6480972834645664
11
7.1006503149606299
21
-4.652466653543307
0
LINE
8
BLACK
6
CONTINUOUS
10
7.1006503149606299
20
-4.652466653543307
11
7.0828494488188971
21
-4.6582505118110236
0
LINE
8
BLACK
6
CONTINUOUS
10
7.0828494488188971
20
-4.6582505118110236
11
7.0655572440944878
21
-4.6654131889763777
0
LINE
8
BLACK
6
CONTINUOUS
10
7.0655572440944878
20
-4.6654131889763777
11
7.0488803543307084
21
-4.6739104724409444
0
LINE
8
BLACK
6
CONTINUOUS
10
7.0488803543307084
20
-4.6739104724409444
11
7.0329215354330703
21
-4.683690078740157
0
LINE
8
BLACK
6
CONTINUOUS
10
7.0329215354330703
20
-4.683690078740157
11
7.0177792125984251
21
-4.6946916141732284
0
LINE
8
BLACK
6
CONTINUOUS
10
7.0177792125984251
20
-4.6946916141732284
11
7.0035467322834641
21
-4.7068472834645672
0
LINE
8
BLACK
6
CONTINUOUS
10
7.0035467322834641
20
-4.7068472834645672
11
6.9903118503937005
21
-4.7200821653543308
0
LINE
8
BLACK
6
CONTINUOUS
10
6.9903118503937005
20
-4.7200821653543308
11
6.9781561811023618
21
-4.7343146456692908
0
LINE
8
BLACK
6
CONTINUOUS
10
6.9781561811023618
20
-4.7343146456692908
11
6.9671546456692912
21
-4.7494569685039369
0
LINE
8
BLACK
6
CONTINUOUS
10
6.9671546456692912
20
-4.7494569685039369
11
6.9573750393700786
21
-4.765415787401575
0
LINE
8
BLACK
6
CONTINUOUS
10
6.9573750393700786
20
-4.765415787401575
11
6.9488777559055119
21
-4.7820926771653545
0
LINE
8
BLACK
6
CONTINUOUS
10
6.9488777559055119
20
-4.7820926771653545
11
6.9417150787401569
21
-4.7993848818897638
0
LINE
8
BLACK
6
CONTINUOUS
10
6.9417150787401569
20
-4.7993848818897638
11
6.9359312204724404
21
-4.8171857480314957
0
LINE
8
BLACK
6
CONTINUOUS
10
6.9359312204724404
20
-4.8171857480314957
11
6.9315618503937007
21
-4.8353855511811021
0
LINE
8
BLACK
6
CONTINUOUS
10
6.9315618503937007
20
-4.8353855511811021
11
6.9286338582677161
21
-4.8538720472440939
0
LINE
8
BLACK
6
CONTINUOUS
10
6.9286338582677161
20
-4.8538720472440939
11
6.9271653543307083
21
-4.8725312992125982
0
LINE
8
BLACK
6
CONTINUOUS
10
6.9271653543307083
20
-4.8725312992125982
11
6.9271653543307083
21
-4.8912482283464565
0
LINE
8
BLACK
6
CONTINUOUS
10
3.4176994881889762
20
-3.0778308267716534
11
3.4182321653543308
21
-3.0783635039370076
0
LINE
8
BLACK
6
CONTINUOUS
10
3.4182321653543308
20
-3.0783635039370076
11
3.4183070866141732
21
-3.0787401574803148
0
LINE
8
BLACK
6
CONTINUOUS
10
3.4183070866141732
20
-3.0787401574803148
11
3.4183070866141732
21
-4.8897637795275593
0
LINE
8
BLACK
6
CONTINUOUS
10
3.4183070866141732
20
-4.8897637795275593
11
3.4182321653543308
21
-4.890140433070866
0
LINE
8
BLACK
6
CONTINUOUS
10
3.4182321653543308
20
-4.890140433070866
11
3.4176994881889762
21
-4.8906731102362206
0
LINE
8
BLACK
6
CONTINUOUS
10
3.4176994881889762
20
-4.8906731102362206
11
3.417322834645669
21
-4.890748031496063
0
LINE
8
BLACK
6
CONTINUOUS
10
3.417322834645669
20
-4.890748031496063
11
2.0551181102362204
21
-4.890748031496063
0
LINE
8
BLACK
6
CONTINUOUS
10
2.0551181102362204
20
-4.890748031496063
11
2.0547414566929132
21
-4.8906731102362206
0
LINE
8
BLACK
6
CONTINUOUS
10
2.0547414566929132
20
-4.8906731102362206
11
2.054208779527559
21
-4.890140433070866
0
LINE
8
BLACK
6
CONTINUOUS
10
2.054208779527559
20
-4.890140433070866
11
2.0541338582677167
21
-4.8897637795275593
0
LINE
8
BLACK
6
CONTINUOUS
10
2.0541338582677167
20
-4.8897637795275593
11
2.0541338582677167
21
-3.0787401574803148
0
LINE
8
BLACK
6
CONTINUOUS
10
2.0541338582677167
20
-3.0787401574803148
11
2.054208779527559
21
-3.0783635039370076
0
LINE
8
BLACK
6
CONTINUOUS
10
2.054208779527559
20
-3.0783635039370076
11
2.0547414566929132
21
-3.0778308267716534
0
LINE
8
BLACK
6
CONTINUOUS
10
2.0547414566929132
20
-3.0778308267716534
11
2.0551181102362204
21
-3.0777559055118111
0
LINE
8
BLACK
6
CONTINUOUS
10
2.0551181102362204
20
-3.0777559055118111
11
3.417322834645669
21
-3.0777559055118111
0
LINE
8
BLACK
6
CONTINUOUS
10
3.417322834645669
20
-3.0777559055118111
11
3.4176994881889762
21
-3.0778308267716534
0
LINE
8
BLACK
6
CONTINUOUS
10
2.0561023622047245
20
-3.079724409448819
11
2.0561023622047245
21
-4.8887795275590546
0
LINE
8
BLACK
6
CONTINUOUS
10
2.0561023622047245
20
-4.8887795275590546
11
3.4163385826771653
21
-4.8887795275590546
0
LINE
8
BLACK
6
CONTINUOUS
10
3.4163385826771653
20
-4.8887795275590546
11
3.4163385826771653
21
-3.079724409448819
0
LINE
8
BLACK
6
CONTINUOUS
10
3.4163385826771653
20
-3.079724409448819
11
2.0561023622047245
21
-3.079724409448819
0
LINE
8
BLACK
6
CONTINUOUS
10
6.3704553937007873
20
-3.0778308267716534
11
6.3709880708661419
21
-3.0783635039370076
0
LINE
8
BLACK
6
CONTINUOUS
10
6.3709880708661419
20
-3.0783635039370076
11
6.3710629921259843
21
-3.0787401574803148
0
LINE
8
BLACK
6
CONTINUOUS
10
6.3710629921259843
20
-3.0787401574803148
11
6.3710629921259843
21
-4.8897637795275593
0
LINE
8
BLACK
6
CONTINUOUS
10
6.3710629921259843
20
-4.8897637795275593
11
6.3709880708661419
21
-4.890140433070866
0
LINE
8
BLACK
6
CONTINUOUS
10
6.3709880708661419
20
-4.890140433070866
11
6.3704553937007873
21
-4.8906731102362206
0
LINE
8
BLACK
6
CONTINUOUS
10
6.3704553937007873
20
-4.8906731102362206
11
6.3700787401574805
21
-4.890748031496063
0
LINE
8
BLACK
6
CONTINUOUS
10
6.3700787401574805
20
-4.890748031496063
11
5.0078740157480315
21
-4.890748031496063
0
LINE
8
BLACK
6
CONTINUOUS
10
5.0078740157480315
20
-4.890748031496063
11
5.0074973622047239
21
-4.8906731102362206
0
LINE
8
BLACK
6
CONTINUOUS
10
5.0074973622047239
20
-4.8906731102362206
11
5.0069646850393701
21
-4.890140433070866
0
LINE
8
BLACK
6
CONTINUOUS
10
5.0069646850393701
20
-4.890140433070866
11
5.0068897637795278
21
-4.8897637795275593
0
LINE
8
BLACK
6
CONTINUOUS
10
5.0068897637795278
20
-4.8897637795275593
11
5.0068897637795278
21
-3.0787401574803148
0
LINE
8
BLACK
6
CONTINUOUS
10
5.0068897637795278
20
-3.0787401574803148
11
5.0069646850393701
21
-3.0783635039370076
0
LINE
8
BLACK
6
CONTINUOUS
10
5.0069646850393701
20
-3.0783635039370076
11
5.0074973622047239
21
-3.0778308267716534
0
LINE
8
BLACK
6
CONTINUOUS
10
5.0074973622047239
20
-3.0778308267716534
11
5.0078740157480315
21
-3.0777559055118111
0
LINE
8
BLACK
6
CONTINUOUS
10
5.0078740157480315
20
-3.0777559055118111
11
6.3700787401574805
21
-3.0777559055118111
0
LINE
8
BLACK
6
CONTINUOUS
10
6.3700787401574805
20
-3.0777559055118111
11
6.3704553937007873
21
-3.0778308267716534
0
LINE
8
BLACK
6
CONTINUOUS
10
5.0088582677165352
20
-3.079724409448819
11
5.0088582677165352
21
-4.8887795275590546
0
LINE
8
BLACK
6
CONTINUOUS
10
5.0088582677165352
20
-4.8887795275590546
11
6.3690944881889759
21
-4.8887795275590546
0
LINE
8
BLACK
6
CONTINUOUS
10
6.3690944881889759
20
-4.8887795275590546
11
6.3690944881889759
21
-3.079724409448819
0
LINE
8
BLACK
6
CONTINUOUS
10
6.3690944881889759
20
-3.079724409448819
11
5.0088582677165352
21
-3.079724409448819
0
LINE
8
BLACK
6
CONTINUOUS
10
1.2883013779527559
20
-2.5941979921259843
11
1.3070789370078739
21
-2.5971720866141732
0
LINE
8
BLACK
6
CONTINUOUS
10
1.3070789370078739
20
-2.5971720866141732
11
1.3255653149606299
21
-2.6016102362204725
0
LINE
8
BLACK
6
CONTINUOUS
10
1.3255653149606299
20
-2.6016102362204725
11
1.3436464566929134
21
-2.6074851574803151
0
LINE
8
BLACK
6
CONTINUOUS
10
1.3436464566929134
20
-2.6074851574803151
11
1.3612109055118109
21
-2.6147605905511813
0
LINE
8
BLACK
6
CONTINUOUS
10
1.3612109055118109
20
-2.6147605905511813
11
1.378150433070866
21
-2.6233917322834643
0
LINE
8
BLACK
6
CONTINUOUS
10
1.378150433070866
20
-2.6233917322834643
11
1.3943605118110236
21
-2.633325275590551
0
LINE
8
BLACK
6
CONTINUOUS
10
1.3943605118110236
20
-2.633325275590551
11
1.4097412598425196
21
-2.6445000393700786
0
LINE
8
BLACK
6
CONTINUOUS
10
1.4097412598425196
20
-2.6445000393700786
11
1.4241978346456692
21
-2.6568471259842519
0
LINE
8
BLACK
6
CONTINUOUS
10
1.4241978346456692
20
-2.6568471259842519
11
1.4376410629921259
21
-2.6702903543307084
0
LINE
8
BLACK
6
CONTINUOUS
10
1.4376410629921259
20
-2.6702903543307084
11
1.4499881496062992
21
-2.6847469291338584
0
LINE
8
BLACK
6
CONTINUOUS
10
1.4499881496062992
20
-2.6847469291338584
11
1.4611629133858268
21
-2.7001276771653542
0
LINE
8
BLACK
6
CONTINUOUS
10
1.4611629133858268
20
-2.7001276771653542
11
1.4710964566929134
21
-2.7163377559055117
0
LINE
8
BLACK
6
CONTINUOUS
10
1.4710964566929134
20
-2.7163377559055117
11
1.4797275984251967
21
-2.7332772834645667
0
LINE
8
BLACK
6
CONTINUOUS
10
1.4797275984251967
20
-2.7332772834645667
11
1.4870030314960629
21
-2.7508417322834644
0
LINE
8
BLACK
6
CONTINUOUS
10
1.4870030314960629
20
-2.7508417322834644
11
1.4928779527559055
21
-2.7689228740157481
0
LINE
8
BLACK
6
CONTINUOUS
10
1.4928779527559055
20
-2.7689228740157481
11
1.4973161023622046
21
-2.7874092519685041
0
LINE
8
BLACK
6
CONTINUOUS
10
1.4973161023622046
20
-2.7874092519685041
11
1.5002901968503937
21
-2.8061868110236219
0
LINE
8
BLACK
6
CONTINUOUS
10
1.5002901968503937
20
-2.8061868110236219
11
1.5017818503937008
21
-2.8251398425196852
0
LINE
8
BLACK
6
CONTINUOUS
10
1.5017818503937008
20
-2.8251398425196852
11
1.5017818503937008
21
-2.8441514960629921
0
LINE
8
BLACK
6
CONTINUOUS
10
1.5017818503937008
20
-2.8441514960629921
11
1.5002901968503937
21
-2.863104527559055
0
LINE
8
BLACK
6
CONTINUOUS
10
1.5002901968503937
20
-2.863104527559055
11
1.4973161023622046
21
-2.8818820866141732
0
LINE
8
BLACK
6
CONTINUOUS
10
1.4973161023622046
20
-2.8818820866141732
11
1.4928779527559055
21
-2.9003684645669292
0
LINE
8
BLACK
6
CONTINUOUS
10
1.4928779527559055
20
-2.9003684645669292
11
1.4870030314960629
21
-2.9184496062992125
0
LINE
8
BLACK
6
CONTINUOUS
10
1.4870030314960629
20
-2.9184496062992125
11
1.4797275984251967
21
-2.9360140551181102
0
LINE
8
BLACK
6
CONTINUOUS
10
1.4797275984251967
20
-2.9360140551181102
11
1.4710964566929134
21
-2.9529535826771651
0
LINE
8
BLACK
6
CONTINUOUS
10
1.4710964566929134
20
-2.9529535826771651
11
1.4611629133858268
21
-2.9691636614173227
0
LINE
8
BLACK
6
CONTINUOUS
10
1.4611629133858268
20
-2.9691636614173227
11
1.4499881496062992
21
-2.9845444094488189
0
LINE
8
BLACK
6
CONTINUOUS
10
1.4499881496062992
20
-2.9845444094488189
11
1.4376410629921259
21
-2.9990009842519685
0
LINE
8
BLACK
6
CONTINUOUS
10
1.4376410629921259
20
-2.9990009842519685
11
1.4241978346456692
21
-3.012444212598425
0
LINE
8
BLACK
6
CONTINUOUS
10
1.4241978346456692
20
-3.012444212598425
11
1.4097412598425196
21
-3.0247912992125983
0
LINE
8
BLACK
6
CONTINUOUS
10
1.4097412598425196
20
-3.0247912992125983
11
1.3943605118110236
21
-3.0359660629921259
0
LINE
8
BLACK
6
CONTINUOUS
10
1.3943605118110236
20
-3.0359660629921259
11
1.378150433070866
21
-3.0458996062992125
0
LINE
8
BLACK
6
CONTINUOUS
10
1.378150433070866
20
-3.0458996062992125
11
1.3612109055118109
21
-3.054530748031496
0
LINE
8
BLACK
6
CONTINUOUS
10
1.3612109055118109
20
-3.054530748031496
11
1.3436464566929134
21
-3.0618061811023622
0
LINE
8
BLACK
6
CONTINUOUS
10
1.3436464566929134
20
-3.0618061811023622
11
1.3255653149606299
21
-3.0676811023622048
0
LINE
8
BLACK
6
CONTINUOUS
10
1.3255653149606299
20
-3.0676811023622048
11
1.3070789370078739
21
-3.0721192519685037
0
LINE
8
BLACK
6
CONTINUOUS
10
1.3070789370078739
20
-3.0721192519685037
11
1.2883013779527559
21
-3.075093346456693
0
LINE
8
BLACK
6
CONTINUOUS
10
1.2883013779527559
20
-3.075093346456693
11
1.2693483464566928
21
-3.0765850000000001
0
LINE
8
BLACK
6
CONTINUOUS
10
1.2693483464566928
20
-3.0765850000000001
11
1.2503366929133859
21
-3.0765850000000001
0
LINE
8
BLACK
6
CONTINUOUS
10
1.2503366929133859
20
-3.0765850000000001
11
1.2313836614173228
21
-3.075093346456693
0
LINE
8
BLACK
6
CONTINUOUS
10
1.2313836614173228
20
-3.075093346456693
11
1.2126061023622048
21
-3.0721192519685037
0
LINE
8
BLACK
6
CONTINUOUS
10
1.2126061023622048
20
-3.0721192519685037
11
1.1941197244094488
21
-3.0676811023622048
0
LINE
8
BLACK
6
CONTINUOUS
10
1.1941197244094488
20
-3.0676811023622048
11
1.1760385826771653
21
-3.0618061811023622
0
LINE
8
BLACK
6
CONTINUOUS
10
1.1760385826771653
20
-3.0618061811023622
11
1.1584741338582676
21
-3.054530748031496
0
LINE
8
BLACK
6
CONTINUOUS
10
1.1584741338582676
20
-3.054530748031496
11
1.1415346062992127
21
-3.0458996062992125
0
LINE
8
BLACK
6
CONTINUOUS
10
1.1415346062992127
20
-3.0458996062992125
11
1.1253245275590551
21
-3.0359660629921259
0
LINE
8
BLACK
6
CONTINUOUS
10
1.1253245275590551
20
-3.0359660629921259
11
1.1099437795275591
21
-3.0247912992125983
0
LINE
8
BLACK
6
CONTINUOUS
10
1.1099437795275591
20
-3.0247912992125983
11
1.0954872047244095
21
-3.012444212598425
0
LINE
8
BLACK
6
CONTINUOUS
10
1.0954872047244095
20
-3.012444212598425
11
1.0820439763779528
21
-2.9990009842519685
0
LINE
8
BLACK
6
CONTINUOUS
10
1.0820439763779528
20
-2.9990009842519685
11
1.0696968897637795
21
-2.9845444094488189
0
LINE
8
BLACK
6
CONTINUOUS
10
1.0696968897637795
20
-2.9845444094488189
11
1.0585221259842519
21
-2.9691636614173227
0
LINE
8
BLACK
6
CONTINUOUS
10
1.0585221259842519
20
-2.9691636614173227
11
1.0485885826771653
21
-2.9529535826771651
0
LINE
8
BLACK
6
CONTINUOUS
10
1.0485885826771653
20
-2.9529535826771651
11
1.039957440944882
21
-2.9360140551181102
0
LINE
8
BLACK
6
CONTINUOUS
10
1.039957440944882
20
-2.9360140551181102
11
1.0326820078740158
21
-2.9184496062992125
0
LINE
8
BLACK
6
CONTINUOUS
10
1.0326820078740158
20
-2.9184496062992125
11
1.0268070866141732
21
-2.9003684645669292
0
LINE
8
BLACK
6
CONTINUOUS
10
1.0268070866141732
20
-2.9003684645669292
11
1.0223689370078739
21
-2.8818820866141732
0
LINE
8
BLACK
6
CONTINUOUS
10
1.0223689370078739
20
-2.8818820866141732
11
1.019394842519685
21
-2.863104527559055
0
LINE
8
BLACK
6
CONTINUOUS
10
1.019394842519685
20
-2.863104527559055
11
1.0179031889763779
21
-2.8441514960629921
0
LINE
8
BLACK
6
CONTINUOUS
10
1.0179031889763779
20
-2.8441514960629921
11
1.0179031889763779
21
-2.8252872047244093
0
LINE
8
BLACK
6
CONTINUOUS
10
1.0179031889763779
20
-2.8252872047244093
11
1.0179031889763779
21
-2.8251398425196852
0
LINE
8
BLACK
6
CONTINUOUS
10
1.0179031889763779
20
-2.8251398425196852
11
1.019394842519685
21
-2.8061868110236219
0
LINE
8
BLACK
6
CONTINUOUS
10
1.019394842519685
20
-2.8061868110236219
11
1.0223689370078739
21
-2.7874092519685041
0
LINE
8
BLACK
6
CONTINUOUS
10
1.0223689370078739
20
-2.7874092519685041
11
1.0268070866141732
21
-2.7689228740157481
0
LINE
8
BLACK
6
CONTINUOUS
10
1.0268070866141732
20
-2.7689228740157481
11
1.0326820078740158
21
-2.7508417322834644
0
LINE
8
BLACK
6
CONTINUOUS
10
1.0326820078740158
20
-2.7508417322834644
11
1.039957440944882
21
-2.7332772834645667
0
LINE
8
BLACK
6
CONTINUOUS
10
1.039957440944882
20
-2.7332772834645667
11
1.0485885826771653
21
-2.7163377559055117
0
LINE
8
BLACK
6
CONTINUOUS
10
1.0485885826771653
20
-2.7163377559055117
11
1.0585221259842519
21
-2.7001276771653542
0
LINE
8
BLACK
6
CONTINUOUS
10
1.0585221259842519
20
-2.7001276771653542
11
1.0696968897637795
21
-2.6847469291338584
0
LINE
8
BLACK
6
CONTINUOUS
10
1.0696968897637795
20
-2.6847469291338584
11
1.0820439763779528
21
-2.6702903543307084
0
LINE
8
BLACK
6
CONTINUOUS
10
1.0820439763779528
20
-2.6702903543307084
11
1.0954872047244095
21
-2.6568471259842519
0
LINE
8
BLACK
6
CONTINUOUS
10
1.0954872047244095
20
-2.6568471259842519
11
1.1099437795275591
21
-2.6445000393700786
0
LINE
8
BLACK
6
CONTINUOUS
10
1.1099437795275591
20
-2.6445000393700786
11
1.1253245275590551
21
-2.633325275590551
0
LINE
8
BLACK
6
CONTINUOUS
10
1.1253245275590551
20
-2.633325275590551
11
1.1415346062992127
21
-2.6233917322834643
0
LINE
8
BLACK
6
CONTINUOUS
10
1.1415346062992127
20
-2.6233917322834643
11
1.1584741338582676
21
-2.6147605905511813
0
LINE
8
BLACK
6
CONTINUOUS
10
1.1584741338582676
20
-2.6147605905511813
11
1.1760385826771653
21
-2.6074851574803151
0
LINE
8
BLACK
6
CONTINUOUS
10
1.1760385826771653
20
-2.6074851574803151
11
1.1941197244094488
21
-2.6016102362204725
0
LINE
8
BLACK
6
CONTINUOUS
10
1.1941197244094488
20
-2.6016102362204725
11
1.2126061023622048
21
-2.5971720866141732
0
LINE
8
BLACK
6
CONTINUOUS
10
1.2126061023622048
20
-2.5971720866141732
11
1.2313836614173228
21
-2.5941979921259843
0
LINE
8
BLACK
6
CONTINUOUS
10
1.2313836614173228
20
-2.5941979921259843
11
1.2503366929133859
21
-2.5927063385826772
0
LINE
8
BLACK
6
CONTINUOUS
10
1.2503366929133859
20
-2.5927063385826772
11
1.2693483464566928
21
-2.5927063385826772
0
LINE
8
BLACK
6
CONTINUOUS
10
1.2693483464566928
20
-2.5927063385826772
11
1.2883013779527559
21
-2.5941979921259843
0
LINE
8
BLACK
6
CONTINUOUS
10
1.0216535433070866
20
-2.8440041338582676
11
1.0231220472440945
21
-2.8626633858267714
0
LINE
8
BLACK
6
CONTINUOUS
10
1.0231220472440945
20
-2.8626633858267714
11
1.0260500393700787
21
-2.8811498818897636
0
LINE
8
BLACK
6
CONTINUOUS
10
1.0260500393700787
20
-2.8811498818897636
11
1.0304194094488188
21
-2.8993496850393701
0
LINE
8
BLACK
6
CONTINUOUS
10
1.0304194094488188
20
-2.8993496850393701
11
1.0362032677165354
21
-2.9171505511811024
0
LINE
8
BLACK
6
CONTINUOUS
10
1.0362032677165354
20
-2.9171505511811024
11
1.0433659448818897
21
-2.9344427559055117
0
LINE
8
BLACK
6
CONTINUOUS
10
1.0433659448818897
20
-2.9344427559055117
11
1.0518632283464566
21
-2.9511196456692912
0
LINE
8
BLACK
6
CONTINUOUS
10
1.0518632283464566
20
-2.9511196456692912
11
1.0616428346456692
21
-2.9670784645669293
0
LINE
8
BLACK
6
CONTINUOUS
10
1.0616428346456692
20
-2.9670784645669293
11
1.07264437007874
21
-2.9822207874015749
0
LINE
8
BLACK
6
CONTINUOUS
10
1.07264437007874
20
-2.9822207874015749
11
1.0848000393700787
21
-2.9964532677165354
0
LINE
8
BLACK
6
CONTINUOUS
10
1.0848000393700787
20
-2.9964532677165354
11
1.0980349212598426
21
-3.009688149606299
0
LINE
8
BLACK
6
CONTINUOUS
10
1.0980349212598426
20
-3.009688149606299
11
1.1122674015748031
21
-3.0218438188976378
0
LINE
8
BLACK
6
CONTINUOUS
10
1.1122674015748031
20
-3.0218438188976378
11
1.1274097244094488
21
-3.0328453543307088
0
LINE
8
BLACK
6
CONTINUOUS
10
1.1274097244094488
20
-3.0328453543307088
11
1.1433685433070866
21
-3.0426249606299214
0
LINE
8
BLACK
6
CONTINUOUS
10
1.1433685433070866
20
-3.0426249606299214
11
1.160045433070866
21
-3.0511222440944881
0
LINE
8
BLACK
6
CONTINUOUS
10
1.160045433070866
20
-3.0511222440944881
11
1.1773376377952756
21
-3.0582849212598426
0
LINE
8
BLACK
6
CONTINUOUS
10
1.1773376377952756
20
-3.0582849212598426
11
1.1951385039370079
21
-3.0640687795275592
0
LINE
8
BLACK
6
CONTINUOUS
10
1.1951385039370079
20
-3.0640687795275592
11
1.2133383070866142
21
-3.0684381496062993
0
LINE
8
BLACK
6
CONTINUOUS
10
1.2133383070866142
20
-3.0684381496062993
11
1.2318248031496062
21
-3.0713661417322835
0
LINE
8
BLACK
6
CONTINUOUS
10
1.2318248031496062
20
-3.0713661417322835
11
1.2504840551181102
21
-3.0728346456692912
0
LINE
8
BLACK
6
CONTINUOUS
10
1.2504840551181102
20
-3.0728346456692912
11
1.2692009842519685
21
-3.0728346456692912
0
LINE
8
BLACK
6
CONTINUOUS
10
1.2692009842519685
20
-3.0728346456692912
11
1.2878602362204725
21
-3.0713661417322835
0
LINE
8
BLACK
6
CONTINUOUS
10
1.2878602362204725
20
-3.0713661417322835
11
1.3063467322834645
21
-3.0684381496062993
0
LINE
8
BLACK
6
CONTINUOUS
10
1.3063467322834645
20
-3.0684381496062993
11
1.3245465354330708
21
-3.0640687795275592
0
LINE
8
BLACK
6
CONTINUOUS
10
1.3245465354330708
20
-3.0640687795275592
11
1.3423474015748031
21
-3.0582849212598426
0
LINE
8
BLACK
6
CONTINUOUS
10
1.3423474015748031
20
-3.0582849212598426
11
1.3596396062992127
21
-3.0511222440944881
0
LINE
8
BLACK
6
CONTINUOUS
10
1.3596396062992127
20
-3.0511222440944881
11
1.3763164960629921
21
-3.0426249606299214
0
LINE
8
BLACK
6
CONTINUOUS
10
1.3763164960629921
20
-3.0426249606299214
11
1.39227531496063
21
-3.0328453543307088
0
LINE
8
BLACK
6
CONTINUOUS
10
1.39227531496063
20
-3.0328453543307088
11
1.4074176377952756
21
-3.0218438188976378
0
LINE
8
BLACK
6
CONTINUOUS
10
1.4074176377952756
20
-3.0218438188976378
11
1.4216501181102361
21
-3.009688149606299
0
LINE
8
BLACK
6
CONTINUOUS
10
1.4216501181102361
20
-3.009688149606299
11
1.434885
21
-2.9964532677165354
0
LINE
8
BLACK
6
CONTINUOUS
10
1.434885
20
-2.9964532677165354
11
1.4470406692913385
21
-2.9822207874015749
0
LINE
8
BLACK
6
CONTINUOUS
10
1.4470406692913385
20
-2.9822207874015749
11
1.4580422047244095
21
-2.9670784645669293
0
LINE
8
BLACK
6
CONTINUOUS
10
1.4580422047244095
20
-2.9670784645669293
11
1.4678218110236221
21
-2.9511196456692912
0
LINE
8
BLACK
6
CONTINUOUS
10
1.4678218110236221
20
-2.9511196456692912
11
1.476319094488189
21
-2.9344427559055117
0
LINE
8
BLACK
6
CONTINUOUS
10
1.476319094488189
20
-2.9344427559055117
11
1.4834817716535433
21
-2.9171505511811024
0
LINE
8
BLACK
6
CONTINUOUS
10
1.4834817716535433
20
-2.9171505511811024
11
1.4892656299212599
21
-2.8993496850393701
0
LINE
8
BLACK
6
CONTINUOUS
10
1.4892656299212599
20
-2.8993496850393701
11
1.493635
21
-2.8811498818897636
0
LINE
8
BLACK
6
CONTINUOUS
10
1.493635
20
-2.8811498818897636
11
1.4965629921259842
21
-2.8626633858267714
0
LINE
8
BLACK
6
CONTINUOUS
10
1.4965629921259842
20
-2.8626633858267714
11
1.4980314960629921
21
-2.8440041338582676
0
LINE
8
BLACK
6
CONTINUOUS
10
1.4980314960629921
20
-2.8440041338582676
11
1.4980314960629921
21
-2.8252872047244093
0
LINE
8
BLACK
6
CONTINUOUS
10
1.4980314960629921
20
-2.8252872047244093
11
1.4965629921259842
21
-2.8066279527559055
0
LINE
8
BLACK
6
CONTINUOUS
10
1.4965629921259842
20
-2.8066279527559055
11
1.493635
21
-2.7881414566929132
0
LINE
8
BLACK
6
CONTINUOUS
10
1.493635
20
-2.7881414566929132
11
1.4892656299212599
21
-2.7699416535433072
0
LINE
8
BLACK
6
CONTINUOUS
10
1.4892656299212599
20
-2.7699416535433072
11
1.4834817716535433
21
-2.7521407874015749
0
LINE
8
BLACK
6
CONTINUOUS
10
1.4834817716535433
20
-2.7521407874015749
11
1.476319094488189
21
-2.7348485826771651
0
LINE
8
BLACK
6
CONTINUOUS
10
1.476319094488189
20
-2.7348485826771651
11
1.4678218110236221
21
-2.7181716929133857
0
LINE
8
BLACK
6
CONTINUOUS
10
1.4678218110236221
20
-2.7181716929133857
11
1.4580422047244095
21
-2.7022128740157481
0
LINE
8
BLACK
6
CONTINUOUS
10
1.4580422047244095
20
-2.7022128740157481
11
1.4470406692913385
21
-2.6870705511811024
0
LINE
8
BLACK
6
CONTINUOUS
10
1.4470406692913385
20
-2.6870705511811024
11
1.434885
21
-2.6728380708661419
0
LINE
8
BLACK
6
CONTINUOUS
10
1.434885
20
-2.6728380708661419
11
1.4216501181102361
21
-2.6596031889763778
0
LINE
8
BLACK
6
CONTINUOUS
10
1.4216501181102361
20
-2.6596031889763778
11
1.4074176377952756
21
-2.6474475196850391
0
LINE
8
BLACK
6
CONTINUOUS
10
1.4074176377952756
20
-2.6474475196850391
11
1.39227531496063
21
-2.6364459842519685
0
LINE
8
BLACK
6
CONTINUOUS
10
1.39227531496063
20
-2.6364459842519685
11
1.3763164960629921
21
-2.6266663779527559
0
LINE
8
BLACK
6
CONTINUOUS
10
1.3763164960629921
20
-2.6266663779527559
11
1.3596396062992127
21
-2.6181690944881888
0
LINE
8
BLACK
6
CONTINUOUS
10
1.3596396062992127
20
-2.6181690944881888
11
1.3423474015748031
21
-2.6110064173228347
0
LINE
8
BLACK
6
CONTINUOUS
10
1.3423474015748031
20
-2.6110064173228347
11
1.3245465354330708
21
-2.6052225590551181
0
LINE
8
BLACK
6
CONTINUOUS
10
1.3245465354330708
20
-2.6052225590551181
11
1.3063467322834645
21
-2.600853188976378
0
LINE
8
BLACK
6
CONTINUOUS
10
1.3063467322834645
20
-2.600853188976378
11
1.2878602362204725
21
-2.5979251968503938
0
LINE
8
BLACK
6
CONTINUOUS
10
1.2878602362204725
20
-2.5979251968503938
11
1.2692009842519685
21
-2.5964566929133857
0
LINE
8
BLACK
6
CONTINUOUS
10
1.2692009842519685
20
-2.5964566929133857
11
1.2504840551181102
21
-2.5964566929133857
0
LINE
8
BLACK
6
CONTINUOUS
10
1.2504840551181102
20
-2.5964566929133857
11
1.2318248031496062
21
-2.5979251968503938
0
LINE
8
BLACK
6
CONTINUOUS
10
1.2318248031496062
20
-2.5979251968503938
11
1.2133383070866142
21
-2.600853188976378
0
LINE
8
BLACK
6
CONTINUOUS
10
1.2133383070866142
20
-2.600853188976378
11
1.1951385039370079
21
-2.6052225590551181
0
LINE
8
BLACK
6
CONTINUOUS
10
1.1951385039370079
20
-2.6052225590551181
11
1.1773376377952756
21
-2.6110064173228347
0
LINE
8
BLACK
6
CONTINUOUS
10
1.1773376377952756
20
-2.6110064173228347
11
1.160045433070866
21
-2.6181690944881888
0
LINE
8
BLACK
6
CONTINUOUS
10
1.160045433070866
20
-2.6181690944881888
11
1.1433685433070866
21
-2.6266663779527559
0
LINE
8
BLACK
6
CONTINUOUS
10
1.1433685433070866
20
-2.6266663779527559
11
1.1274097244094488
21
-2.6364459842519685
0
LINE
8
BLACK
6
CONTINUOUS
10
1.1274097244094488
20
-2.6364459842519685
11
1.1122674015748031
21
-2.6474475196850391
0
LINE
8
BLACK
6
CONTINUOUS
10
1.1122674015748031
20
-2.6474475196850391
11
1.0980349212598426
21
-2.6596031889763778
0
LINE
8
BLACK
6
CONTINUOUS
10
1.0980349212598426
20
-2.6596031889763778
11
1.0848000393700787
21
-2.6728380708661419
0
LINE
8
BLACK
6
CONTINUOUS
10
1.0848000393700787
20
-2.6728380708661419
11
1.07264437007874
21
-2.6870705511811024
0
LINE
8
BLACK
6
CONTINUOUS
10
1.07264437007874
20
-2.6870705511811024
11
1.0616428346456692
21
-2.7022128740157481
0
LINE
8
BLACK
6
CONTINUOUS
10
1.0616428346456692
20
-2.7022128740157481
11
1.0518632283464566
21
-2.7181716929133857
0
LINE
8
BLACK
6
CONTINUOUS
10
1.0518632283464566
20
-2.7181716929133857
11
1.0433659448818897
21
-2.7348485826771651
0
LINE
8
BLACK
6
CONTINUOUS
10
1.0433659448818897
20
-2.7348485826771651
11
1.0362032677165354
21
-2.7521407874015749
0
LINE
8
BLACK
6
CONTINUOUS
10
1.0362032677165354
20
-2.7521407874015749
11
1.0304194094488188
21
-2.7699416535433072
0
LINE
8
BLACK
6
CONTINUOUS
10
1.0304194094488188
20
-2.7699416535433072
11
1.0260500393700787
21
-2.7881414566929132
0
LINE
8
BLACK
6
CONTINUOUS
10
1.0260500393700787
20
-2.7881414566929132
11
1.0231220472440945
21
-2.8066279527559055
0
LINE
8
BLACK
6
CONTINUOUS
10
1.0231220472440945
20
-2.8066279527559055
11
1.0216535433070866
21
-2.8252872047244093
0
LINE
8
BLACK
6
CONTINUOUS
10
1.0216535433070866
20
-2.8252872047244093
11
1.0216535433070866
21
-2.8440041338582676
0
LINE
8
BLACK
6
CONTINUOUS
10
4.241057283464567
20
-2.5941979921259843
11
4.2598348425196848
21
-2.5971720866141732
0
LINE
8
BLACK
6
CONTINUOUS
10
4.2598348425196848
20
-2.5971720866141732
11
4.2783212204724412
21
-2.6016102362204725
0
LINE
8
BLACK
6
CONTINUOUS
10
4.2783212204724412
20
-2.6016102362204725
11
4.2964023622047245
21
-2.6074851574803151
0
LINE
8
BLACK
6
CONTINUOUS
10
4.2964023622047245
20
-2.6074851574803151
11
4.3139668110236222
21
-2.6147605905511813
0
LINE
8
BLACK
6
CONTINUOUS
10
4.3139668110236222
20
-2.6147605905511813
11
4.3309063385826772
21
-2.6233917322834643
0
LINE
8
BLACK
6
CONTINUOUS
10
4.3309063385826772
20
-2.6233917322834643
11
4.3471164173228347
21
-2.633325275590551
0
LINE
8
BLACK
6
CONTINUOUS
10
4.3471164173228347
20
-2.633325275590551
11
4.3624971653543305
21
-2.6445000393700786
0
LINE
8
BLACK
6
CONTINUOUS
10
4.3624971653543305
20
-2.6445000393700786
11
4.3769537401574805
21
-2.6568471259842519
0
LINE
8
BLACK
6
CONTINUOUS
10
4.3769537401574805
20
-2.6568471259842519
11
4.3903969685039366
21
-2.6702903543307084
0
LINE
8
BLACK
6
CONTINUOUS
10
4.3903969685039366
20
-2.6702903543307084
11
4.4027440551181103
21
-2.6847469291338584
0
LINE
8
BLACK
6
CONTINUOUS
10
4.4027440551181103
20
-2.6847469291338584
11
4.4139188188976375
21
-2.7001276771653542
0
LINE
8
BLACK
6
CONTINUOUS
10
4.4139188188976375
20
-2.7001276771653542
11
4.4238523622047241
21
-2.7163377559055117
0
LINE
8
BLACK
6
CONTINUOUS
10
4.4238523622047241
20
-2.7163377559055117
11
4.4324835039370081
21
-2.7332772834645667
0
LINE
8
BLACK
6
CONTINUOUS
10
4.4324835039370081
20
-2.7332772834645667
11
4.4397589370078743
21
-2.7508417322834644
0
LINE
8
BLACK
6
CONTINUOUS
10
4.4397589370078743
20
-2.7508417322834644
11
4.4456338582677164
21
-2.7689228740157481
0
LINE
8
BLACK
6
CONTINUOUS
10
4.4456338582677164
20
-2.7689228740157481
11
4.4500720078740157
21
-2.7874092519685041
0
LINE
8
BLACK
6
CONTINUOUS
10
4.4500720078740157
20
-2.7874092519685041
11
4.4530461023622046
21
-2.8061868110236219
0
LINE
8
BLACK
6
CONTINUOUS
10
4.4530461023622046
20
-2.8061868110236219
11
4.4545377559055117
21
-2.8251398425196852
0
LINE
8
BLACK
6
CONTINUOUS
10
4.4545377559055117
20
-2.8251398425196852
11
4.4545377559055117
21
-2.8441514960629921
0
LINE
8
BLACK
6
CONTINUOUS
10
4.4545377559055117
20
-2.8441514960629921
11
4.4530461023622046
21
-2.863104527559055
0
LINE
8
BLACK
6
CONTINUOUS
10
4.4530461023622046
20
-2.863104527559055
11
4.4500720078740157
21
-2.8818820866141732
0
LINE
8
BLACK
6
CONTINUOUS
10
4.4500720078740157
20
-2.8818820866141732
11
4.4456338582677164
21
-2.9003684645669292
0
LINE
8
BLACK
6
CONTINUOUS
10
4.4456338582677164
20
-2.9003684645669292
11
4.4397589370078743
21
-2.9184496062992125
0
LINE
8
BLACK
6
CONTINUOUS
10
4.4397589370078743
20
-2.9184496062992125
11
4.4324835039370081
21
-2.9360140551181102
0
LINE
8
BLACK
6
CONTINUOUS
10
4.4324835039370081
20
-2.9360140551181102
11
4.4238523622047241
21
-2.9529535826771651
0
LINE
8
BLACK
6
CONTINUOUS
10
4.4238523622047241
20
-2.9529535826771651
11
4.4139188188976375
21
-2.9691636614173227
0
LINE
8
BLACK
6
CONTINUOUS
10
4.4139188188976375
20
-2.9691636614173227
11
4.4027440551181103
21
-2.9845444094488189
0
LINE
8
BLACK
6
CONTINUOUS
10
4.4027440551181103
20
-2.9845444094488189
11
4.3903969685039366
21
-2.9990009842519685
0
LINE
8
BLACK
6
CONTINUOUS
10
4.3903969685039366
20
-2.9990009842519685
11
4.3769537401574805
21
-3.012444212598425
0
LINE
8
BLACK
6
CONTINUOUS
10
4.3769537401574805
20
-3.012444212598425
11
4.3624971653543305
21
-3.0247912992125983
0
LINE
8
BLACK
6
CONTINUOUS
10
4.3624971653543305
20
-3.0247912992125983
11
4.3471164173228347
21
-3.0359660629921259
0
LINE
8
BLACK
6
CONTINUOUS
10
4.3471164173228347
20
-3.0359660629921259
11
4.3309063385826772
21
-3.0458996062992125
0
LINE
8
BLACK
6
CONTINUOUS
10
4.3309063385826772
20
-3.0458996062992125
11
4.3139668110236222
21
-3.054530748031496
0
LINE
8
BLACK
6
CONTINUOUS
10
4.3139668110236222
20
-3.054530748031496
11
4.2964023622047245
21
-3.0618061811023622
0
LINE
8
BLACK
6
CONTINUOUS
10
4.2964023622047245
20
-3.0618061811023622
11
4.2783212204724412
21
-3.0676811023622048
0
LINE
8
BLACK
6
CONTINUOUS
10
4.2783212204724412
20
-3.0676811023622048
11
4.2598348425196848
21
-3.0721192519685037
0
LINE
8
BLACK
6
CONTINUOUS
10
4.2598348425196848
20
-3.0721192519685037
11
4.241057283464567
21
-3.075093346456693
0
LINE
8
BLACK
6
CONTINUOUS
10
4.241057283464567
20
-3.075093346456693
11
4.2221042519685037
21
-3.0765850000000001
0
LINE
8
BLACK
6
CONTINUOUS
10
4.2221042519685037
20
-3.0765850000000001
11
4.2030925984251963
21
-3.0765850000000001
0
LINE
8
BLACK
6
CONTINUOUS
10
4.2030925984251963
20
-3.0765850000000001
11
4.1841395669291339
21
-3.075093346456693
0
LINE
8
BLACK
6
CONTINUOUS
10
4.1841395669291339
20
-3.075093346456693
11
4.1653620078740152
21
-3.0721192519685037
0
LINE
8
BLACK
6
CONTINUOUS
10
4.1653620078740152
20
-3.0721192519685037
11
4.1468756299212597
21
-3.0676811023622048
0
LINE
8
BLACK
6
CONTINUOUS
10
4.1468756299212597
20
-3.0676811023622048
11
4.1287944881889764
21
-3.0618061811023622
0
LINE
8
BLACK
6
CONTINUOUS
10
4.1287944881889764
20
-3.0618061811023622
11
4.1112300393700787
21
-3.054530748031496
0
LINE
8
BLACK
6
CONTINUOUS
10
4.1112300393700787
20
-3.054530748031496
11
4.0942905118110238
21
-3.0458996062992125
0
LINE
8
BLACK
6
CONTINUOUS
10
4.0942905118110238
20
-3.0458996062992125
11
4.0780804330708662
21
-3.0359660629921259
0
LINE
8
BLACK
6
CONTINUOUS
10
4.0780804330708662
20
-3.0359660629921259
11
4.0626996850393704
21
-3.0247912992125983
0
LINE
8
BLACK
6
CONTINUOUS
10
4.0626996850393704
20
-3.0247912992125983
11
4.0482431102362204
21
-3.012444212598425
0
LINE
8
BLACK
6
CONTINUOUS
10
4.0482431102362204
20
-3.012444212598425
11
4.0347998818897635
21
-2.9990009842519685
0
LINE
8
BLACK
6
CONTINUOUS
10
4.0347998818897635
20
-2.9990009842519685
11
4.0224527952755906
21
-2.9845444094488189
0
LINE
8
BLACK
6
CONTINUOUS
10
4.0224527952755906
20
-2.9845444094488189
11
4.0112780314960625
21
-2.9691636614173227
0
LINE
8
BLACK
6
CONTINUOUS
10
4.0112780314960625
20
-2.9691636614173227
11
4.0013444881889759
21
-2.9529535826771651
0
LINE
8
BLACK
6
CONTINUOUS
10
4.0013444881889759
20
-2.9529535826771651
11
3.9927133464566928
21
-2.9360140551181102
0
LINE
8
BLACK
6
CONTINUOUS
10
3.9927133464566928
20
-2.9360140551181102
11
3.9854379133858266
21
-2.9184496062992125
0
LINE
8
BLACK
6
CONTINUOUS
10
3.9854379133858266
20
-2.9184496062992125
11
3.9795629921259841
21
-2.9003684645669292
0
LINE
8
BLACK
6
CONTINUOUS
10
3.9795629921259841
20
-2.9003684645669292
11
3.9751248425196848
21
-2.8818820866141732
0
LINE
8
BLACK
6
CONTINUOUS
10
3.9751248425196848
20
-2.8818820866141732
11
3.9721507480314959
21
-2.863104527559055
0
LINE
8
BLACK
6
CONTINUOUS
10
3.9721507480314959
20
-2.863104527559055
11
3.9706590944881888
21
-2.8441514960629921
0
LINE
8
BLACK
6
CONTINUOUS
10
3.9706590944881888
20
-2.8441514960629921
11
3.9706590944881888
21
-2.8252872047244093
0
LINE
8
BLACK
6
CONTINUOUS
10
3.9706590944881888
20
-2.8252872047244093
11
3.9706590944881888
21
-2.8251398425196852
0
LINE
8
BLACK
6
CONTINUOUS
10
3.9706590944881888
20
-2.8251398425196852
11
3.9721507480314959
21
-2.8061868110236219
0
LINE
8
BLACK
6
CONTINUOUS
10
3.9721507480314959
20
-2.8061868110236219
11
3.9751248425196848
21
-2.7874092519685041
0
LINE
8
BLACK
6
CONTINUOUS
10
3.9751248425196848
20
-2.7874092519685041
11
3.9795629921259841
21
-2.7689228740157481
0
LINE
8
BLACK
6
CONTINUOUS
10
3.9795629921259841
20
-2.7689228740157481
11
3.9854379133858266
21
-2.7508417322834644
0
LINE
8
BLACK
6
CONTINUOUS
10
3.9854379133858266
20
-2.7508417322834644
11
3.9927133464566928
21
-2.7332772834645667
0
LINE
8
BLACK
6
CONTINUOUS
10
3.9927133464566928
20
-2.7332772834645667
11
4.0013444881889759
21
-2.7163377559055117
0
LINE
8
BLACK
6
CONTINUOUS
10
4.0013444881889759
20
-2.7163377559055117
11
4.0112780314960625
21
-2.7001276771653542
0
LINE
8
BLACK
6
CONTINUOUS
10
4.0112780314960625
20
-2.7001276771653542
11
4.0224527952755906
21
-2.6847469291338584
0
LINE
8
BLACK
6
CONTINUOUS
10
4.0224527952755906
20
-2.6847469291338584
11
4.0347998818897635
21
-2.6702903543307084
0
LINE
8
BLACK
6
CONTINUOUS
10
4.0347998818897635
20
-2.6702903543307084
11
4.0482431102362204
21
-2.6568471259842519
0
LINE
8
BLACK
6
CONTINUOUS
10
4.0482431102362204
20
-2.6568471259842519
11
4.0626996850393704
21
-2.6445000393700786
0
LINE
8
BLACK
6
CONTINUOUS
10
4.0626996850393704
20
-2.6445000393700786
11
4.0780804330708662
21
-2.633325275590551
0
LINE
8
BLACK
6
CONTINUOUS
10
4.0780804330708662
20
-2.633325275590551
11
4.0942905118110238
21
-2.6233917322834643
0
LINE
8
BLACK
6
CONTINUOUS
10
4.0942905118110238
20
-2.6233917322834643
11
4.1112300393700787
21
-2.6147605905511813
0
LINE
8
BLACK
6
CONTINUOUS
10
4.1112300393700787
20
-2.6147605905511813
11
4.1287944881889764
21
-2.6074851574803151
0
LINE
8
BLACK
6
CONTINUOUS
10
4.1287944881889764
20
-2.6074851574803151
11
4.1468756299212597
21
-2.6016102362204725
0
LINE
8
BLACK
6
CONTINUOUS
10
4.1468756299212597
20
-2.6016102362204725
11
4.1653620078740152
21
-2.5971720866141732
0
LINE
8
BLACK
6
CONTINUOUS
10
4.1653620078740152
20
-2.5971720866141732
11
4.1841395669291339
21
-2.5941979921259843
0
LINE
8
BLACK
6
CONTINUOUS
10
4.1841395669291339
20
-2.5941979921259843
11
4.2030925984251963
21
-2.5927063385826772
0
LINE
8
BLACK
6
CONTINUOUS
10
4.2030925984251963
20
-2.5927063385826772
11
4.2221042519685037
21
-2.5927063385826772
0
LINE
8
BLACK
6
CONTINUOUS
10
4.2221042519685037
20
-2.5927063385826772
11
4.241057283464567
21
-2.5941979921259843
0
LINE
8
BLACK
6
CONTINUOUS
10
3.9744094488188977
20
-2.8440041338582676
11
3.9758779527559054
21
-2.8626633858267714
0
LINE
8
BLACK
6
CONTINUOUS
10
3.9758779527559054
20
-2.8626633858267714
11
3.9788059448818895
21
-2.8811498818897636
0
LINE
8
BLACK
6
CONTINUOUS
10
3.9788059448818895
20
-2.8811498818897636
11
3.9831753149606297
21
-2.8993496850393701
0
LINE
8
BLACK
6
CONTINUOUS
10
3.9831753149606297
20
-2.8993496850393701
11
3.9889591732283463
21
-2.9171505511811024
0
LINE
8
BLACK
6
CONTINUOUS
10
3.9889591732283463
20
-2.9171505511811024
11
3.9961218503937008
21
-2.9344427559055117
0
LINE
8
BLACK
6
CONTINUOUS
10
3.9961218503937008
20
-2.9344427559055117
11
4.0046191338582675
21
-2.9511196456692912
0
LINE
8
BLACK
6
CONTINUOUS
10
4.0046191338582675
20
-2.9511196456692912
11
4.0143987401574801
21
-2.9670784645669293
0
LINE
8
BLACK
6
CONTINUOUS
10
4.0143987401574801
20
-2.9670784645669293
11
4.0254002755905507
21
-2.9822207874015749
0
LINE
8
BLACK
6
CONTINUOUS
10
4.0254002755905507
20
-2.9822207874015749
11
4.0375559448818894
21
-2.9964532677165354
0
LINE
8
BLACK
6
CONTINUOUS
10
4.0375559448818894
20
-2.9964532677165354
11
4.050790826771653
21
-3.009688149606299
0
LINE
8
BLACK
6
CONTINUOUS
10
4.050790826771653
20
-3.009688149606299
11
4.065023307086614
21
-3.0218438188976378
0
LINE
8
BLACK
6
CONTINUOUS
10
4.065023307086614
20
-3.0218438188976378
11
4.0801656299212601
21
-3.0328453543307088
0
LINE
8
BLACK
6
CONTINUOUS
10
4.0801656299212601
20
-3.0328453543307088
11
4.0961244488188973
21
-3.0426249606299214
0
LINE
8
BLACK
6
CONTINUOUS
10
4.0961244488188973
20
-3.0426249606299214
11
4.1128013385826767
21
-3.0511222440944881
0
LINE
8
BLACK
6
CONTINUOUS
10
4.1128013385826767
20
-3.0511222440944881
11
4.1300935433070869
21
-3.0582849212598426
0
LINE
8
BLACK
6
CONTINUOUS
10
4.1300935433070869
20
-3.0582849212598426
11
4.1478944094488188
21
-3.0640687795275592
0
LINE
8
BLACK
6
CONTINUOUS
10
4.1478944094488188
20
-3.0640687795275592
11
4.1660942125984253
21
-3.0684381496062993
0
LINE
8
BLACK
6
CONTINUOUS
10
4.1660942125984253
20
-3.0684381496062993
11
4.1845807086614171
21
-3.0713661417322835
0
LINE
8
BLACK
6
CONTINUOUS
10
4.1845807086614171
20
-3.0713661417322835
11
4.2032399606299213
21
-3.0728346456692912
0
LINE
8
BLACK
6
CONTINUOUS
10
4.2032399606299213
20
-3.0728346456692912
11
4.2219568897637796
21
-3.0728346456692912
0
LINE
8
BLACK
6
CONTINUOUS
10
4.2219568897637796
20
-3.0728346456692912
11
4.240616141732283
21
-3.0713661417322835
0
LINE
8
BLACK
6
CONTINUOUS
10
4.240616141732283
20
-3.0713661417322835
11
4.2591026377952756
21
-3.0684381496062993
0
LINE
8
BLACK
6
CONTINUOUS
10
4.2591026377952756
20
-3.0684381496062993
11
4.2773024409448821
21
-3.0640687795275592
0
LINE
8
BLACK
6
CONTINUOUS
10
4.2773024409448821
20
-3.0640687795275592
11
4.295103307086614
21
-3.0582849212598426
0
LINE
8
BLACK
6
CONTINUOUS
10
4.295103307086614
20
-3.0582849212598426
11
4.3123955118110233
21
-3.0511222440944881
0
LINE
8
BLACK
6
CONTINUOUS
10
4.3123955118110233
20
-3.0511222440944881
11
4.3290724015748028
21
-3.0426249606299214
0
LINE
8
BLACK
6
CONTINUOUS
10
4.3290724015748028
20
-3.0426249606299214
11
4.3450312204724408
21
-3.0328453543307088
0
LINE
8
BLACK
6
CONTINUOUS
10
4.3450312204724408
20
-3.0328453543307088
11
4.360173543307087
21
-3.0218438188976378
0
LINE
8
BLACK
6
CONTINUOUS
10
4.360173543307087
20
-3.0218438188976378
11
4.374406023622047
21
-3.009688149606299
0
LINE
8
BLACK
6
CONTINUOUS
10
4.374406023622047
20
-3.009688149606299
11
4.3876409055118106
21
-2.9964532677165354
0
LINE
8
BLACK
6
CONTINUOUS
10
4.3876409055118106
20
-2.9964532677165354
11
4.3997965748031493
21
-2.9822207874015749
0
LINE
8
BLACK
6
CONTINUOUS
10
4.3997965748031493
20
-2.9822207874015749
11
4.4107981102362208
21
-2.9670784645669293
0
LINE
8
BLACK
6
CONTINUOUS
10
4.4107981102362208
20
-2.9670784645669293
11
4.4205777165354334
21
-2.9511196456692912
0
LINE
8
BLACK
6
CONTINUOUS
10
4.4205777165354334
20
-2.9511196456692912
11
4.4290750000000001
21
-2.9344427559055117
0
LINE
8
BLACK
6
CONTINUOUS
10
4.4290750000000001
20
-2.9344427559055117
11
4.4362376771653542
21
-2.9171505511811024
0
LINE
8
BLACK
6
CONTINUOUS
10
4.4362376771653542
20
-2.9171505511811024
11
4.4420215354330708
21
-2.8993496850393701
0
LINE
8
BLACK
6
CONTINUOUS
10
4.4420215354330708
20
-2.8993496850393701
11
4.4463909055118105
21
-2.8811498818897636
0
LINE
8
BLACK
6
CONTINUOUS
10
4.4463909055118105
20
-2.8811498818897636
11
4.4493188976377951
21
-2.8626633858267714
0
LINE
8
BLACK
6
CONTINUOUS
10
4.4493188976377951
20
-2.8626633858267714
11
4.4507874015748028
21
-2.8440041338582676
0
LINE
8
BLACK
6
CONTINUOUS
10
4.4507874015748028
20
-2.8440041338582676
11
4.4507874015748028
21
-2.8252872047244093
0
LINE
8
BLACK
6
CONTINUOUS
10
4.4507874015748028
20
-2.8252872047244093
11
4.4493188976377951
21
-2.8066279527559055
0
LINE
8
BLACK
6
CONTINUOUS
10
4.4493188976377951
20
-2.8066279527559055
11
4.4463909055118105
21
-2.7881414566929132
0
LINE
8
BLACK
6
CONTINUOUS
10
4.4463909055118105
20
-2.7881414566929132
11
4.4420215354330708
21
-2.7699416535433072
0
LINE
8
BLACK
6
CONTINUOUS
10
4.4420215354330708
20
-2.7699416535433072
11
4.4362376771653542
21
-2.7521407874015749
0
LINE
8
BLACK
6
CONTINUOUS
10
4.4362376771653542
20
-2.7521407874015749
11
4.4290750000000001
21
-2.7348485826771651
0
LINE
8
BLACK
6
CONTINUOUS
10
4.4290750000000001
20
-2.7348485826771651
11
4.4205777165354334
21
-2.7181716929133857
0
LINE
8
BLACK
6
CONTINUOUS
10
4.4205777165354334
20
-2.7181716929133857
11
4.4107981102362208
21
-2.7022128740157481
0
LINE
8
BLACK
6
CONTINUOUS
10
4.4107981102362208
20
-2.7022128740157481
11
4.3997965748031493
21
-2.6870705511811024
0
LINE
8
BLACK
6
CONTINUOUS
10
4.3997965748031493
20
-2.6870705511811024
11
4.3876409055118106
21
-2.6728380708661419
0
LINE
8
BLACK
6
CONTINUOUS
10
4.3876409055118106
20
-2.6728380708661419
11
4.374406023622047
21
-2.6596031889763778
0
LINE
8
BLACK
6
CONTINUOUS
10
4.374406023622047
20
-2.6596031889763778
11
4.360173543307087
21
-2.6474475196850391
0
LINE
8
BLACK
6
CONTINUOUS
10
4.360173543307087
20
-2.6474475196850391
11
4.3450312204724408
21
-2.6364459842519685
0
LINE
8
BLACK
6
CONTINUOUS
10
4.3450312204724408
20
-2.6364459842519685
11
4.3290724015748028
21
-2.6266663779527559
0
LINE
8
BLACK
6
CONTINUOUS
10
4.3290724015748028
20
-2.6266663779527559
11
4.3123955118110233
21
-2.6181690944881888
0
LINE
8
BLACK
6
CONTINUOUS
10
4.3123955118110233
20
-2.6181690944881888
11
4.295103307086614
21
-2.6110064173228347
0
LINE
8
BLACK
6
CONTINUOUS
10
4.295103307086614
20
-2.6110064173228347
11
4.2773024409448821
21
-2.6052225590551181
0
LINE
8
BLACK
6
CONTINUOUS
10
4.2773024409448821
20
-2.6052225590551181
11
4.2591026377952756
21
-2.600853188976378
0
LINE
8
BLACK
6
CONTINUOUS
10
4.2591026377952756
20
-2.600853188976378
11
4.240616141732283
21
-2.5979251968503938
0
LINE
8
BLACK
6
CONTINUOUS
10
4.240616141732283
20
-2.5979251968503938
11
4.2219568897637796
21
-2.5964566929133857
0
LINE
8
BLACK
6
CONTINUOUS
10
4.2219568897637796
20
-2.5964566929133857
11
4.2032399606299213
21
-2.5964566929133857
0
LINE
8
BLACK
6
CONTINUOUS
10
4.2032399606299213
20
-2.5964566929133857
11
4.1845807086614171
21
-2.5979251968503938
0
LINE
8
BLACK
6
CONTINUOUS
10
4.1845807086614171
20
-2.5979251968503938
11
4.1660942125984253
21
-2.600853188976378
0
LINE
8
BLACK
6
CONTINUOUS
10
4.1660942125984253
20
-2.600853188976378
11
4.1478944094488188
21
-2.6052225590551181
0
LINE
8
BLACK
6
CONTINUOUS
10
4.1478944094488188
20
-2.6052225590551181
11
4.1300935433070869
21
-2.6110064173228347
0
LINE
8
BLACK
6
CONTINUOUS
10
4.1300935433070869
20
-2.6110064173228347
11
4.1128013385826767
21
-2.6181690944881888
0
LINE
8
BLACK
6
CONTINUOUS
10
4.1128013385826767
20
-2.6181690944881888
11
4.0961244488188973
21
-2.6266663779527559
0
LINE
8
BLACK
6
CONTINUOUS
10
4.0961244488188973
20
-2.6266663779527559
11
4.0801656299212601
21
-2.6364459842519685
0
LINE
8
BLACK
6
CONTINUOUS
10
4.0801656299212601
20
-2.6364459842519685
11
4.065023307086614
21
-2.6474475196850391
0
LINE
8
BLACK
6
CONTINUOUS
10
4.065023307086614
20
-2.6474475196850391
11
4.050790826771653
21
-2.6596031889763778
0
LINE
8
BLACK
6
CONTINUOUS
10
4.050790826771653
20
-2.6596031889763778
11
4.0375559448818894
21
-2.6728380708661419
0
LINE
8
BLACK
6
CONTINUOUS
10
4.0375559448818894
20
-2.6728380708661419
11
4.0254002755905507
21
-2.6870705511811024
0
LINE
8
BLACK
6
CONTINUOUS
10
4.0254002755905507
20
-2.6870705511811024
11
4.0143987401574801
21
-2.7022128740157481
0
LINE
8
BLACK
6
CONTINUOUS
10
4.0143987401574801
20
-2.7022128740157481
11
4.0046191338582675
21
-2.7181716929133857
0
LINE
8
BLACK
6
CONTINUOUS
10
4.0046191338582675
20
-2.7181716929133857
11
3.9961218503937008
21
-2.7348485826771651
0
LINE
8
BLACK
6
CONTINUOUS
10
3.9961218503937008
20
-2.7348485826771651
11
3.9889591732283463
21
-2.7521407874015749
0
LINE
8
BLACK
6
CONTINUOUS
10
3.9889591732283463
20
-2.7521407874015749
11
3.9831753149606297
21
-2.7699416535433072
0
LINE
8
BLACK
6
CONTINUOUS
10
3.9831753149606297
20
-2.7699416535433072
11
3.9788059448818895
21
-2.7881414566929132
0
LINE
8
BLACK
6
CONTINUOUS
10
3.9788059448818895
20
-2.7881414566929132
11
3.9758779527559054
21
-2.8066279527559055
0
LINE
8
BLACK
6
CONTINUOUS
10
3.9758779527559054
20
-2.8066279527559055
11
3.9744094488188977
21
-2.8252872047244093
0
LINE
8
BLACK
6
CONTINUOUS
10
3.9744094488188977
20
-2.8252872047244093
11
3.9744094488188977
21
-2.8440041338582676
0
LINE
8
BLACK
6
CONTINUOUS
10
7.1938131889763781
20
-2.5941979921259843
11
7.2125907480314959
21
-2.5971720866141732
0
LINE
8
BLACK
6
CONTINUOUS
10
7.2125907480314959
20
-2.5971720866141732
11
7.2310771259842515
21
-2.6016102362204725
0
LINE
8
BLACK
6
CONTINUOUS
10
7.2310771259842515
20
-2.6016102362204725
11
7.2491582677165356
21
-2.6074851574803151
0
LINE
8
BLACK
6
CONTINUOUS
10
7.2491582677165356
20
-2.6074851574803151
11
7.2667227165354333
21
-2.6147605905511813
0
LINE
8
BLACK
6
CONTINUOUS
10
7.2667227165354333
20
-2.6147605905511813
11
7.2836622440944883
21
-2.6233917322834643
0
LINE
8
BLACK
6
CONTINUOUS
10
7.2836622440944883
20
-2.6233917322834643
11
7.2998723228346458
21
-2.633325275590551
0
LINE
8
BLACK
6
CONTINUOUS
10
7.2998723228346458
20
-2.633325275590551
11
7.3152530708661416
21
-2.6445000393700786
0
LINE
8
BLACK
6
CONTINUOUS
10
7.3152530708661416
20
-2.6445000393700786
11
7.3297096456692907
21
-2.6568471259842519
0
LINE
8
BLACK
6
CONTINUOUS
10
7.3297096456692907
20
-2.6568471259842519
11
7.3431528740157477
21
-2.6702903543307084
0
LINE
8
BLACK
6
CONTINUOUS
10
7.3431528740157477
20
-2.6702903543307084
11
7.3554999606299214
21
-2.6847469291338584
0
LINE
8
BLACK
6
CONTINUOUS
10
7.3554999606299214
20
-2.6847469291338584
11
7.3666747244094486
21
-2.7001276771653542
0
LINE
8
BLACK
6
CONTINUOUS
10
7.3666747244094486
20
-2.7001276771653542
11
7.3766082677165352
21
-2.7163377559055117
0
LINE
8
BLACK
6
CONTINUOUS
10
7.3766082677165352
20
-2.7163377559055117
11
7.3852394094488183
21
-2.7332772834645667
0
LINE
8
BLACK
6
CONTINUOUS
10
7.3852394094488183
20
-2.7332772834645667
11
7.3925148425196845
21
-2.7508417322834644
0
LINE
8
BLACK
6
CONTINUOUS
10
7.3925148425196845
20
-2.7508417322834644
11
7.3983897637795275
21
-2.7689228740157481
0
LINE
8
BLACK
6
CONTINUOUS
10
7.3983897637795275
20
-2.7689228740157481
11
7.4028279133858268
21
-2.7874092519685041
0
LINE
8
BLACK
6
CONTINUOUS
10
7.4028279133858268
20
-2.7874092519685041
11
7.4058020078740157
21
-2.8061868110236219
0
LINE
8
BLACK
6
CONTINUOUS
10
7.4058020078740157
20
-2.8061868110236219
11
7.4072936614173228
21
-2.8251398425196852
0
LINE
8
BLACK
6
CONTINUOUS
10
7.4072936614173228
20
-2.8251398425196852
11
7.4072936614173228
21
-2.8441514960629921
0
LINE
8
BLACK
6
CONTINUOUS
10
7.4072936614173228
20
-2.8441514960629921
11
7.4058020078740157
21
-2.863104527559055
0
LINE
8
BLACK
6
CONTINUOUS
10
7.4058020078740157
20
-2.863104527559055
11
7.4028279133858268
21
-2.8818820866141732
0
LINE
8
BLACK
6
CONTINUOUS
10
7.4028279133858268
20
-2.8818820866141732
11
7.3983897637795275
21
-2.9003684645669292
0
LINE
8
BLACK
6
CONTINUOUS
10
7.3983897637795275
20
-2.9003684645669292
11
7.3925148425196845
21
-2.9184496062992125
0
LINE
8
BLACK
6
CONTINUOUS
10
7.3925148425196845
20
-2.9184496062992125
11
7.3852394094488183
21
-2.9360140551181102
0
LINE
8
BLACK
6
CONTINUOUS
10
7.3852394094488183
20
-2.9360140551181102
11
7.3766082677165352
21
-2.9529535826771651
0
LINE
8
BLACK
6
CONTINUOUS
10
7.3766082677165352
20
-2.9529535826771651
11
7.3666747244094486
21
-2.9691636614173227
0
LINE
8
BLACK
6
CONTINUOUS
10
7.3666747244094486
20
-2.9691636614173227
11
7.3554999606299214
21
-2.9845444094488189
0
LINE
8
BLACK
6
CONTINUOUS
10
7.3554999606299214
20
-2.9845444094488189
11
7.3431528740157477
21
-2.9990009842519685
0
LINE
8
BLACK
6
CONTINUOUS
10
7.3431528740157477
20
-2.9990009842519685
11
7.3297096456692907
21
-3.012444212598425
0
LINE
8
BLACK
6
CONTINUOUS
10
7.3297096456692907
20
-3.012444212598425
11
7.3152530708661416
21
-3.0247912992125983
0
LINE
8
BLACK
6
CONTINUOUS
10
7.3152530708661416
20
-3.0247912992125983
11
7.2998723228346458
21
-3.0359660629921259
0
LINE
8
BLACK
6
CONTINUOUS
10
7.2998723228346458
20
-3.0359660629921259
11
7.2836622440944883
21
-3.0458996062992125
0
LINE
8
BLACK
6
CONTINUOUS
10
7.2836622440944883
20
-3.0458996062992125
11
7.2667227165354333
21
-3.054530748031496
0
LINE
8
BLACK
6
CONTINUOUS
10
7.2667227165354333
20
-3.054530748031496
11
7.2491582677165356
21
-3.0618061811023622
0
LINE
8
BLACK
6
CONTINUOUS
10
7.2491582677165356
20
-3.0618061811023622
11
7.2310771259842515
21
-3.0676811023622048
0
LINE
8
BLACK
6
CONTINUOUS
10
7.2310771259842515
20
-3.0676811023622048
11
7.2125907480314959
21
-3.0721192519685037
0
LINE
8
BLACK
6
CONTINUOUS
10
7.2125907480314959
20
-3.0721192519685037
11
7.1938131889763781
21
-3.075093346456693
0
LINE
8
BLACK
6
CONTINUOUS
10
7.1938131889763781
20
-3.075093346456693
11
7.1748601574803148
21
-3.0765850000000001
0
LINE
8
BLACK
6
CONTINUOUS
10
7.1748601574803148
20
-3.0765850000000001
11
7.1558485039370074
21
-3.0765850000000001
0
LINE
8
BLACK
6
CONTINUOUS
10
7.1558485039370074
20
-3.0765850000000001
11
7.136895472440945
21
-3.075093346456693
0
LINE
8
BLACK
6
CONTINUOUS
10
7.136895472440945
20
-3.075093346456693
11
7.1181179133858263
21
-3.0721192519685037
0
LINE
8
BLACK
6
CONTINUOUS
10
7.1181179133858263
20
-3.0721192519685037
11
7.0996315354330708
21
-3.0676811023622048
0
LINE
8
BLACK
6
CONTINUOUS
10
7.0996315354330708
20
-3.0676811023622048
11
7.0815503937007875
21
-3.0618061811023622
0
LINE
8
BLACK
6
CONTINUOUS
10
7.0815503937007875
20
-3.0618061811023622
11
7.0639859448818898
21
-3.054530748031496
0
LINE
8
BLACK
6
CONTINUOUS
10
7.0639859448818898
20
-3.054530748031496
11
7.0470464173228349
21
-3.0458996062992125
0
LINE
8
BLACK
6
CONTINUOUS
10
7.0470464173228349
20
-3.0458996062992125
11
7.0308363385826773
21
-3.0359660629921259
0
LINE
8
BLACK
6
CONTINUOUS
10
7.0308363385826773
20
-3.0359660629921259
11
7.0154555905511806
21
-3.0247912992125983
0
LINE
8
BLACK
6
CONTINUOUS
10
7.0154555905511806
20
-3.0247912992125983
11
7.0009990157480315
21
-3.012444212598425
0
LINE
8
BLACK
6
CONTINUOUS
10
7.0009990157480315
20
-3.012444212598425
11
6.9875557874015746
21
-2.9990009842519685
0
LINE
8
BLACK
6
CONTINUOUS
10
6.9875557874015746
20
-2.9990009842519685
11
6.9752087007874017
21
-2.9845444094488189
0
LINE
8
BLACK
6
CONTINUOUS
10
6.9752087007874017
20
-2.9845444094488189
11
6.9640339370078737
21
-2.9691636614173227
0
LINE
8
BLACK
6
CONTINUOUS
10
6.9640339370078737
20
-2.9691636614173227
11
6.954100393700787
21
-2.9529535826771651
0
LINE
8
BLACK
6
CONTINUOUS
10
6.954100393700787
20
-2.9529535826771651
11
6.945469251968504
21
-2.9360140551181102
0
LINE
8
BLACK
6
CONTINUOUS
10
6.945469251968504
20
-2.9360140551181102
11
6.9381938188976378
21
-2.9184496062992125
0
LINE
8
BLACK
6
CONTINUOUS
10
6.9381938188976378
20
-2.9184496062992125
11
6.9323188976377947
21
-2.9003684645669292
0
LINE
8
BLACK
6
CONTINUOUS
10
6.9323188976377947
20
-2.9003684645669292
11
6.9278807480314963
21
-2.8818820866141732
0
LINE
8
BLACK
6
CONTINUOUS
10
6.9278807480314963
20
-2.8818820866141732
11
6.9249066535433066
21
-2.863104527559055
0
LINE
8
BLACK
6
CONTINUOUS
10
6.9249066535433066
20
-2.863104527559055
11
6.9234149999999994
21
-2.8441514960629921
0
LINE
8
BLACK
6
CONTINUOUS
10
6.9234149999999994
20
-2.8441514960629921
11
6.9234149999999994
21
-2.8252872047244093
0
LINE
8
BLACK
6
CONTINUOUS
10
6.9234149999999994
20
-2.8252872047244093
11
6.9234149999999994
21
-2.8251398425196852
0
LINE
8
BLACK
6
CONTINUOUS
10
6.9234149999999994
20
-2.8251398425196852
11
6.9249066535433066
21
-2.8061868110236219
0
LINE
8
BLACK
6
CONTINUOUS
10
6.9249066535433066
20
-2.8061868110236219
11
6.9278807480314963
21
-2.7874092519685041
0
LINE
8
BLACK
6
CONTINUOUS
10
6.9278807480314963
20
-2.7874092519685041
11
6.9323188976377947
21
-2.7689228740157481
0
LINE
8
BLACK
6
CONTINUOUS
10
6.9323188976377947
20
-2.7689228740157481
11
6.9381938188976378
21
-2.7508417322834644
0
LINE
8
BLACK
6
CONTINUOUS
10
6.9381938188976378
20
-2.7508417322834644
11
6.945469251968504
21
-2.7332772834645667
0
LINE
8
BLACK
6
CONTINUOUS
10
6.945469251968504
20
-2.7332772834645667
11
6.954100393700787
21
-2.7163377559055117
0
LINE
8
BLACK
6
CONTINUOUS
10
6.954100393700787
20
-2.7163377559055117
11
6.9640339370078737
21
-2.7001276771653542
0
LINE
8
BLACK
6
CONTINUOUS
10
6.9640339370078737
20
-2.7001276771653542
11
6.9752087007874017
21
-2.6847469291338584
0
LINE
8
BLACK
6
CONTINUOUS
10
6.9752087007874017
20
-2.6847469291338584
11
6.9875557874015746
21
-2.6702903543307084
0
LINE
8
BLACK
6
CONTINUOUS
10
6.9875557874015746
20
-2.6702903543307084
11
7.0009990157480315
21
-2.6568471259842519
0
LINE
8
BLACK
6
CONTINUOUS
10
7.0009990157480315
20
-2.6568471259842519
11
7.0154555905511806
21
-2.6445000393700786
0
LINE
8
BLACK
6
CONTINUOUS
10
7.0154555905511806
20
-2.6445000393700786
11
7.0308363385826773
21
-2.633325275590551
0
LINE
8
BLACK
6
CONTINUOUS
10
7.0308363385826773
20
-2.633325275590551
11
7.0470464173228349
21
-2.6233917322834643
0
LINE
8
BLACK
6
CONTINUOUS
10
7.0470464173228349
20
-2.6233917322834643
11
7.0639859448818898
21
-2.6147605905511813
0
LINE
8
BLACK
6
CONTINUOUS
10
7.0639859448818898
20
-2.6147605905511813
11
7.0815503937007875
21
-2.6074851574803151
0
LINE
8
BLACK
6
CONTINUOUS
10
7.0815503937007875
20
-2.6074851574803151
11
7.0996315354330708
21
-2.6016102362204725
0
LINE
8
BLACK
6
CONTINUOUS
10
7.0996315354330708
20
-2.6016102362204725
11
7.1181179133858263
21
-2.5971720866141732
0
LINE
8
BLACK
6
CONTINUOUS
10
7.1181179133858263
20
-2.5971720866141732
11
7.136895472440945
21
-2.5941979921259843
0
LINE
8
BLACK
6
CONTINUOUS
10
7.136895472440945
20
-2.5941979921259843
11
7.1558485039370074
21
-2.5927063385826772
0
LINE
8
BLACK
6
CONTINUOUS
10
7.1558485039370074
20
-2.5927063385826772
11
7.1748601574803148
21
-2.5927063385826772
0
LINE
8
BLACK
6
CONTINUOUS
10
7.1748601574803148
20
-2.5927063385826772
11
7.1938131889763781
21
-2.5941979921259843
0
LINE
8
BLACK
6
CONTINUOUS
10
6.9271653543307083
20
-2.8440041338582676
11
6.9286338582677161
21
-2.8626633858267714
0
LINE
8
BLACK
6
CONTINUOUS
10
6.9286338582677161
20
-2.8626633858267714
11
6.9315618503937007
21
-2.8811498818897636
0
LINE
8
BLACK
6
CONTINUOUS
10
6.9315618503937007
20
-2.8811498818897636
11
6.9359312204724404
21
-2.8993496850393701
0
LINE
8
BLACK
6
CONTINUOUS
10
6.9359312204724404
20
-2.8993496850393701
11
6.9417150787401569
21
-2.9171505511811024
0
LINE
8
BLACK
6
CONTINUOUS
10
6.9417150787401569
20
-2.9171505511811024
11
6.9488777559055119
21
-2.9344427559055117
0
LINE
8
BLACK
6
CONTINUOUS
10
6.9488777559055119
20
-2.9344427559055117
11
6.9573750393700786
21
-2.9511196456692912
0
LINE
8
BLACK
6
CONTINUOUS
10
6.9573750393700786
20
-2.9511196456692912
11
6.9671546456692912
21
-2.9670784645669293
0
LINE
8
BLACK
6
CONTINUOUS
10
6.9671546456692912
20
-2.9670784645669293
11
6.9781561811023618
21
-2.9822207874015749
0
LINE
8
BLACK
6
CONTINUOUS
10
6.9781561811023618
20
-2.9822207874015749
11
6.9903118503937005
21
-2.9964532677165354
0
LINE
8
BLACK
6
CONTINUOUS
10
6.9903118503937005
20
-2.9964532677165354
11
7.0035467322834641
21
-3.009688149606299
0
LINE
8
BLACK
6
CONTINUOUS
10
7.0035467322834641
20
-3.009688149606299
11
7.0177792125984251
21
-3.0218438188976378
0
LINE
8
BLACK
6
CONTINUOUS
10
7.0177792125984251
20
-3.0218438188976378
11
7.0329215354330703
21
-3.0328453543307088
0
LINE
8
BLACK
6
CONTINUOUS
10
7.0329215354330703
20
-3.0328453543307088
11
7.0488803543307084
21
-3.0426249606299214
0
LINE
8
BLACK
6
CONTINUOUS
10
7.0488803543307084
20
-3.0426249606299214
11
7.0655572440944878
21
-3.0511222440944881
0
LINE
8
BLACK
6
CONTINUOUS
10
7.0655572440944878
20
-3.0511222440944881
11
7.0828494488188971
21
-3.0582849212598426
0
LINE
8
BLACK
6
CONTINUOUS
10
7.0828494488188971
20
-3.0582849212598426
11
7.1006503149606299
21
-3.0640687795275592
0
LINE
8
BLACK
6
CONTINUOUS
10
7.1006503149606299
20
-3.0640687795275592
11
7.1188501181102364
21
-3.0684381496062993
0
LINE
8
BLACK
6
CONTINUOUS
10
7.1188501181102364
20
-3.0684381496062993
11
7.1373366141732282
21
-3.0713661417322835
0
LINE
8
BLACK
6
CONTINUOUS
10
7.1373366141732282
20
-3.0713661417322835
11
7.1559958661417324
21
-3.0728346456692912
0
LINE
8
BLACK
6
CONTINUOUS
10
7.1559958661417324
20
-3.0728346456692912
11
7.1747127952755907
21
-3.0728346456692912
0
LINE
8
BLACK
6
CONTINUOUS
10
7.1747127952755907
20
-3.0728346456692912
11
7.1933720472440941
21
-3.0713661417322835
0
LINE
8
BLACK
6
CONTINUOUS
10
7.1933720472440941
20
-3.0713661417322835
11
7.2118585433070868
21
-3.0684381496062993
0
LINE
8
BLACK
6
CONTINUOUS
10
7.2118585433070868
20
-3.0684381496062993
11
7.2300583464566923
21
-3.0640687795275592
0
LINE
8
BLACK
6
CONTINUOUS
10
7.2300583464566923
20
-3.0640687795275592
11
7.2478592125984251
21
-3.0582849212598426
0
LINE
8
BLACK
6
CONTINUOUS
10
7.2478592125984251
20
-3.0582849212598426
11
7.2651514173228344
21
-3.0511222440944881
0
LINE
8
BLACK
6
CONTINUOUS
10
7.2651514173228344
20
-3.0511222440944881
11
7.2818283070866139
21
-3.0426249606299214
0
LINE
8
BLACK
6
CONTINUOUS
10
7.2818283070866139
20
-3.0426249606299214
11
7.2977871259842519
21
-3.0328453543307088
0
LINE
8
BLACK
6
CONTINUOUS
10
7.2977871259842519
20
-3.0328453543307088
11
7.3129294488188972
21
-3.0218438188976378
0
LINE
8
BLACK
6
CONTINUOUS
10
7.3129294488188972
20
-3.0218438188976378
11
7.3271619291338581
21
-3.009688149606299
0
LINE
8
BLACK
6
CONTINUOUS
10
7.3271619291338581
20
-3.009688149606299
11
7.3403968110236217
21
-2.9964532677165354
0
LINE
8
BLACK
6
CONTINUOUS
10
7.3403968110236217
20
-2.9964532677165354
11
7.3525524803149604
21
-2.9822207874015749
0
LINE
8
BLACK
6
CONTINUOUS
10
7.3525524803149604
20
-2.9822207874015749
11
7.363554015748031
21
-2.9670784645669293
0
LINE
8
BLACK
6
CONTINUOUS
10
7.363554015748031
20
-2.9670784645669293
11
7.3733336220472436
21
-2.9511196456692912
0
LINE
8
BLACK
6
CONTINUOUS
10
7.3733336220472436
20
-2.9511196456692912
11
7.3818309055118112
21
-2.9344427559055117
0
LINE
8
BLACK
6
CONTINUOUS
10
7.3818309055118112
20
-2.9344427559055117
11
7.3889935826771653
21
-2.9171505511811024
0
LINE
8
BLACK
6
CONTINUOUS
10
7.3889935826771653
20
-2.9171505511811024
11
7.3947774409448819
21
-2.8993496850393701
0
LINE
8
BLACK
6
CONTINUOUS
10
7.3947774409448819
20
-2.8993496850393701
11
7.3991468110236216
21
-2.8811498818897636
0
LINE
8
BLACK
6
CONTINUOUS
10
7.3991468110236216
20
-2.8811498818897636
11
7.4020748031496062
21
-2.8626633858267714
0
LINE
8
BLACK
6
CONTINUOUS
10
7.4020748031496062
20
-2.8626633858267714
11
7.4035433070866139
21
-2.8440041338582676
0
LINE
8
BLACK
6
CONTINUOUS
10
7.4035433070866139
20
-2.8440041338582676
11
7.4035433070866139
21
-2.8252872047244093
0
LINE
8
BLACK
6
CONTINUOUS
10
7.4035433070866139
20
-2.8252872047244093
11
7.4020748031496062
21
-2.8066279527559055
0
LINE
8
BLACK
6
CONTINUOUS
10
7.4020748031496062
20
-2.8066279527559055
11
7.3991468110236216
21
-2.7881414566929132
0
LINE
8
BLACK
6
CONTINUOUS
10
7.3991468110236216
20
-2.7881414566929132
11
7.3947774409448819
21
-2.7699416535433072
0
LINE
8
BLACK
6
CONTINUOUS
10
7.3947774409448819
20
-2.7699416535433072
11
7.3889935826771653
21
-2.7521407874015749
0
LINE
8
BLACK
6
CONTINUOUS
10
7.3889935826771653
20
-2.7521407874015749
11
7.3818309055118112
21
-2.7348485826771651
0
LINE
8
BLACK
6
CONTINUOUS
10
7.3818309055118112
20
-2.7348485826771651
11
7.3733336220472436
21
-2.7181716929133857
0
LINE
8
BLACK
6
CONTINUOUS
10
7.3733336220472436
20
-2.7181716929133857
11
7.363554015748031
21
-2.7022128740157481
0
LINE
8
BLACK
6
CONTINUOUS
10
7.363554015748031
20
-2.7022128740157481
11
7.3525524803149604
21
-2.6870705511811024
0
LINE
8
BLACK
6
CONTINUOUS
10
7.3525524803149604
20
-2.6870705511811024
11
7.3403968110236217
21
-2.6728380708661419
0
LINE
8
BLACK
6
CONTINUOUS
10
7.3403968110236217
20
-2.6728380708661419
11
7.3271619291338581
21
-2.6596031889763778
0
LINE
8
BLACK
6
CONTINUOUS
10
7.3271619291338581
20
-2.6596031889763778
11
7.3129294488188972
21
-2.6474475196850391
0
LINE
8
BLACK
6
CONTINUOUS
10
7.3129294488188972
20
-2.6474475196850391
11
7.2977871259842519
21
-2.6364459842519685
0
LINE
8
BLACK
6
CONTINUOUS
10
7.2977871259842519
20
-2.6364459842519685
11
7.2818283070866139
21
-2.6266663779527559
0
LINE
8
BLACK
6
CONTINUOUS
10
7.2818283070866139
20
-2.6266663779527559
11
7.2651514173228344
21
-2.6181690944881888
0
LINE
8
BLACK
6
CONTINUOUS
10
7.2651514173228344
20
-2.6181690944881888
11
7.2478592125984251
21
-2.6110064173228347
0
LINE
8
BLACK
6
CONTINUOUS
10
7.2478592125984251
20
-2.6110064173228347
11
7.2300583464566923
21
-2.6052225590551181
0
LINE
8
BLACK
6
CONTINUOUS
10
7.2300583464566923
20
-2.6052225590551181
11
7.2118585433070868
21
-2.600853188976378
0
LINE
8
BLACK
6
CONTINUOUS
10
7.2118585433070868
20
-2.600853188976378
11
7.1933720472440941
21
-2.5979251968503938
0
LINE
8
BLACK
6
CONTINUOUS
10
7.1933720472440941
20
-2.5979251968503938
11
7.1747127952755907
21
-2.5964566929133857
0
LINE
8
BLACK
6
CONTINUOUS
10
7.1747127952755907
20
-2.5964566929133857
11
7.1559958661417324
21
-2.5964566929133857
0
LINE
8
BLACK
6
CONTINUOUS
10
7.1559958661417324
20
-2.5964566929133857
11
7.1373366141732282
21
-2.5979251968503938
0
LINE
8
BLACK
6
CONTINUOUS
10
7.1373366141732282
20
-2.5979251968503938
11
7.1188501181102364
21
-2.600853188976378
0
LINE
8
BLACK
6
CONTINUOUS
10
7.1188501181102364
20
-2.600853188976378
11
7.1006503149606299
21
-2.6052225590551181
0
LINE
8
BLACK
6
CONTINUOUS
10
7.1006503149606299
20
-2.6052225590551181
11
7.0828494488188971
21
-2.6110064173228347
0
LINE
8
BLACK
6
CONTINUOUS
10
7.0828494488188971
20
-2.6110064173228347
11
7.0655572440944878
21
-2.6181690944881888
0
LINE
8
BLACK
6
CONTINUOUS
10
7.0655572440944878
20
-2.6181690944881888
11
7.0488803543307084
21
-2.6266663779527559
0
LINE
8
BLACK
6
CONTINUOUS
10
7.0488803543307084
20
-2.6266663779527559
11
7.0329215354330703
21
-2.6364459842519685
0
LINE
8
BLACK
6
CONTINUOUS
10
7.0329215354330703
20
-2.6364459842519685
11
7.0177792125984251
21
-2.6474475196850391
0
LINE
8
BLACK
6
CONTINUOUS
10
7.0177792125984251
20
-2.6474475196850391
11
7.0035467322834641
21
-2.6596031889763778
0
LINE
8
BLACK
6
CONTINUOUS
10
7.0035467322834641
20
-2.6596031889763778
11
6.9903118503937005
21
-2.6728380708661419
0
LINE
8
BLACK
6
CONTINUOUS
10
6.9903118503937005
20
-2.6728380708661419
11
6.9781561811023618
21
-2.6870705511811024
0
LINE
8
BLACK
6
CONTINUOUS
10
6.9781561811023618
20
-2.6870705511811024
11
6.9671546456692912
21
-2.7022128740157481
0
LINE
8
BLACK
6
CONTINUOUS
10
6.9671546456692912
20
-2.7022128740157481
11
6.9573750393700786
21
-2.7181716929133857
0
LINE
8
BLACK
6
CONTINUOUS
10
6.9573750393700786
20
-2.7181716929133857
11
6.9488777559055119
21
-2.7348485826771651
0
LINE
8
BLACK
6
CONTINUOUS
10
6.9488777559055119
20
-2.7348485826771651
11
6.9417150787401569
21
-2.7521407874015749
0
LINE
8
BLACK
6
CONTINUOUS
10
6.9417150787401569
20
-2.7521407874015749
11
6.9359312204724404
21
-2.7699416535433072
0
LINE
8
BLACK
6
CONTINUOUS
10
6.9359312204724404
20
-2.7699416535433072
11
6.9315618503937007
21
-2.7881414566929132
0
LINE
8
BLACK
6
CONTINUOUS
10
6.9315618503937007
20
-2.7881414566929132
11
6.9286338582677161
21
-2.8066279527559055
0
LINE
8
BLACK
6
CONTINUOUS
10
6.9286338582677161
20
-2.8066279527559055
11
6.9271653543307083
21
-2.8252872047244093
0
LINE
8
BLACK
6
CONTINUOUS
10
6.9271653543307083
20
-2.8252872047244093
11
6.9271653543307083
21
-2.8440041338582676
0
LINE
8
BLACK
6
CONTINUOUS
10
2.7843643700787402
20
-1.2949853937007874
11
2.8031419291338584
21
-1.2979594881889764
0
LINE
8
BLACK
6
CONTINUOUS
10
2.8031419291338584
20
-1.2979594881889764
11
2.8216283070866139
21
-1.3023976377952755
0
LINE
8
BLACK
6
CONTINUOUS
10
2.8216283070866139
20
-1.3023976377952755
11
2.8397094488188976
21
-1.3082725590551181
0
LINE
8
BLACK
6
CONTINUOUS
10
2.8397094488188976
20
-1.3082725590551181
11
2.8572738976377954
21
-1.3155479921259843
0
LINE
8
BLACK
6
CONTINUOUS
10
2.8572738976377954
20
-1.3155479921259843
11
2.8742134251968503
21
-1.3241791338582676
0
LINE
8
BLACK
6
CONTINUOUS
10
2.8742134251968503
20
-1.3241791338582676
11
2.8904235039370079
21
-1.3341126771653542
0
LINE
8
BLACK
6
CONTINUOUS
10
2.8904235039370079
20
-1.3341126771653542
11
2.9058042519685037
21
-1.3452874409448818
0
LINE
8
BLACK
6
CONTINUOUS
10
2.9058042519685037
20
-1.3452874409448818
11
2.9202608267716537
21
-1.3576345275590551
0
LINE
8
BLACK
6
CONTINUOUS
10
2.9202608267716537
20
-1.3576345275590551
11
2.9337040551181102
21
-1.3710777559055118
0
LINE
8
BLACK
6
CONTINUOUS
10
2.9337040551181102
20
-1.3710777559055118
11
2.9460511417322834
21
-1.3855343307086614
0
LINE
8
BLACK
6
CONTINUOUS
10
2.9460511417322834
20
-1.3855343307086614
11
2.9572259055118111
21
-1.4009150787401574
0
LINE
8
BLACK
6
CONTINUOUS
10
2.9572259055118111
20
-1.4009150787401574
11
2.9671594488188977
21
-1.417125157480315
0
LINE
8
BLACK
6
CONTINUOUS
10
2.9671594488188977
20
-1.417125157480315
11
2.9757905905511812
21
-1.4340646850393701
0
LINE
8
BLACK
6
CONTINUOUS
10
2.9757905905511812
20
-1.4340646850393701
11
2.983066023622047
21
-1.4516291338582676
0
LINE
8
BLACK
6
CONTINUOUS
10
2.983066023622047
20
-1.4516291338582676
11
2.9889409448818895
21
-1.4697102755905511
0
LINE
8
BLACK
6
CONTINUOUS
10
2.9889409448818895
20
-1.4697102755905511
11
2.9933790944881888
21
-1.4881966535433071
0
LINE
8
BLACK
6
CONTINUOUS
10
2.9933790944881888
20
-1.4881966535433071
11
2.9963531889763777
21
-1.5069742125984251
0
LINE
8
BLACK
6
CONTINUOUS
10
2.9963531889763777
20
-1.5069742125984251
11
2.9978448425196849
21
-1.5259272440944882
0
LINE
8
BLACK
6
CONTINUOUS
10
2.9978448425196849
20
-1.5259272440944882
11
2.9978448425196849
21
-1.5449388976377953
0
LINE
8
BLACK
6
CONTINUOUS
10
2.9978448425196849
20
-1.5449388976377953
11
2.9963531889763777
21
-1.5638919291338582
0
LINE
8
BLACK
6
CONTINUOUS
10
2.9963531889763777
20
-1.5638919291338582
11
2.9933790944881888
21
-1.5826694881889762
0
LINE
8
BLACK
6
CONTINUOUS
10
2.9933790944881888
20
-1.5826694881889762
11
2.9889409448818895
21
-1.6011558661417322
0
LINE
8
BLACK
6
CONTINUOUS
10
2.9889409448818895
20
-1.6011558661417322
11
2.983066023622047
21
-1.6192370078740157
0
LINE
8
BLACK
6
CONTINUOUS
10
2.983066023622047
20
-1.6192370078740157
11
2.9757905905511812
21
-1.6368014566929134
0
LINE
8
BLACK
6
CONTINUOUS
10
2.9757905905511812
20
-1.6368014566929134
11
2.9671594488188977
21
-1.6537409842519684
0
LINE
8
BLACK
6
CONTINUOUS
10
2.9671594488188977
20
-1.6537409842519684
11
2.9572259055118111
21
-1.6699510629921259
0
LINE
8
BLACK
6
CONTINUOUS
10
2.9572259055118111
20
-1.6699510629921259
11
2.9460511417322834
21
-1.685331811023622
0
LINE
8
BLACK
6
CONTINUOUS
10
2.9460511417322834
20
-1.685331811023622
11
2.9337040551181102
21
-1.6997883858267717
0
LINE
8
BLACK
6
CONTINUOUS
10
2.9337040551181102
20
-1.6997883858267717
11
2.9202608267716537
21
-1.7132316141732282
0
LINE
8
BLACK
6
CONTINUOUS
10
2.9202608267716537
20
-1.7132316141732282
11
2.9058042519685037
21
-1.7255787007874015
0
LINE
8
BLACK
6
CONTINUOUS
10
2.9058042519685037
20
-1.7255787007874015
11
2.8904235039370079
21
-1.7367534645669291
0
LINE
8
BLACK
6
CONTINUOUS
10
2.8904235039370079
20
-1.7367534645669291
11
2.8742134251968503
21
-1.7466870078740158
0
LINE
8
BLACK
6
CONTINUOUS
10
2.8742134251968503
20
-1.7466870078740158
11
2.8572738976377954
21
-1.7553181496062993
0
LINE
8
BLACK
6
CONTINUOUS
10
2.8572738976377954
20
-1.7553181496062993
11
2.8397094488188976
21
-1.7625935826771653
0
LINE
8
BLACK
6
CONTINUOUS
10
2.8397094488188976
20
-1.7625935826771653
11
2.8216283070866139
21
-1.7684685039370078
0
LINE
8
BLACK
6
CONTINUOUS
10
2.8216283070866139
20
-1.7684685039370078
11
2.8031419291338584
21
-1.7729066535433071
0
LINE
8
BLACK
6
CONTINUOUS
10
2.8031419291338584
20
-1.7729066535433071
11
2.7843643700787402
21
-1.775880748031496
0
LINE
8
BLACK
6
CONTINUOUS
10
2.7843643700787402
20
-1.775880748031496
11
2.7654113385826773
21
-1.7773724015748031
0
LINE
8
BLACK
6
CONTINUOUS
10
2.7654113385826773
20
-1.7773724015748031
11
2.7463996850393699
21
-1.7773724015748031
0
LINE
8
BLACK
6
CONTINUOUS
10
2.7463996850393699
20
-1.7773724015748031
11
2.7274466535433071
21
-1.775880748031496
0
LINE
8
BLACK
6
CONTINUOUS
10
2.7274466535433071
20
-1.775880748031496
11
2.7086690944881888
21
-1.7729066535433071
0
LINE
8
BLACK
6
CONTINUOUS
10
2.7086690944881888
20
-1.7729066535433071
11
2.6901827165354328
21
-1.7684685039370078
0
LINE
8
BLACK
6
CONTINUOUS
10
2.6901827165354328
20
-1.7684685039370078
11
2.6721015748031496
21
-1.7625935826771653
0
LINE
8
BLACK
6
CONTINUOUS
10
2.6721015748031496
20
-1.7625935826771653
11
2.6545371259842518
21
-1.7553181496062993
0
LINE
8
BLACK
6
CONTINUOUS
10
2.6545371259842518
20
-1.7553181496062993
11
2.6375975984251969
21
-1.7466870078740158
0
LINE
8
BLACK
6
CONTINUOUS
10
2.6375975984251969
20
-1.7466870078740158
11
2.6213875196850394
21
-1.7367534645669291
0
LINE
8
BLACK
6
CONTINUOUS
10
2.6213875196850394
20
-1.7367534645669291
11
2.6060067716535431
21
-1.7255787007874015
0
LINE
8
BLACK
6
CONTINUOUS
10
2.6060067716535431
20
-1.7255787007874015
11
2.5915501968503936
21
-1.7132316141732282
0
LINE
8
BLACK
6
CONTINUOUS
10
2.5915501968503936
20
-1.7132316141732282
11
2.5781069685039371
21
-1.6997883858267717
0
LINE
8
BLACK
6
CONTINUOUS
10
2.5781069685039371
20
-1.6997883858267717
11
2.5657598818897638
21
-1.685331811023622
0
LINE
8
BLACK
6
CONTINUOUS
10
2.5657598818897638
20
-1.685331811023622
11
2.5545851181102361
21
-1.6699510629921259
0
LINE
8
BLACK
6
CONTINUOUS
10
2.5545851181102361
20
-1.6699510629921259
11
2.5446515748031495
21
-1.6537409842519684
0
LINE
8
BLACK
6
CONTINUOUS
10
2.5446515748031495
20
-1.6537409842519684
11
2.536020433070866
21
-1.6368014566929134
0
LINE
8
BLACK
6
CONTINUOUS
10
2.536020433070866
20
-1.6368014566929134
11
2.5287449999999998
21
-1.6192370078740157
0
LINE
8
BLACK
6
CONTINUOUS
10
2.5287449999999998
20
-1.6192370078740157
11
2.5228700787401572
21
-1.6011558661417322
0
LINE
8
BLACK
6
CONTINUOUS
10
2.5228700787401572
20
-1.6011558661417322
11
2.5184319291338584
21
-1.5826694881889762
0
LINE
8
BLACK
6
CONTINUOUS
10
2.5184319291338584
20
-1.5826694881889762
11
2.5154578346456691
21
-1.5638919291338582
0
LINE
8
BLACK
6
CONTINUOUS
10
2.5154578346456691
20
-1.5638919291338582
11
2.5139661811023624
21
-1.5449388976377953
0
LINE
8
BLACK
6
CONTINUOUS
10
2.5139661811023624
20
-1.5449388976377953
11
2.5139661811023624
21
-1.5260746062992125
0
LINE
8
BLACK
6
CONTINUOUS
10
2.5139661811023624
20
-1.5260746062992125
11
2.5139661811023624
21
-1.5259272440944882
0
LINE
8
BLACK
6
CONTINUOUS
10
2.5139661811023624
20
-1.5259272440944882
11
2.5154578346456691
21
-1.5069742125984251
0
LINE
8
BLACK
6
CONTINUOUS
10
2.5154578346456691
20
-1.5069742125984251
11
2.5184319291338584
21
-1.4881966535433071
0
LINE
8
BLACK
6
CONTINUOUS
10
2.5184319291338584
20
-1.4881966535433071
11
2.5228700787401572
21
-1.4697102755905511
0
LINE
8
BLACK
6
CONTINUOUS
10
2.5228700787401572
20
-1.4697102755905511
11
2.5287449999999998
21
-1.4516291338582676
0
LINE
8
BLACK
6
CONTINUOUS
10
2.5287449999999998
20
-1.4516291338582676
11
2.536020433070866
21
-1.4340646850393701
0
LINE
8
BLACK
6
CONTINUOUS
10
2.536020433070866
20
-1.4340646850393701
11
2.5446515748031495
21
-1.417125157480315
0
LINE
8
BLACK
6
CONTINUOUS
10
2.5446515748031495
20
-1.417125157480315
11
2.5545851181102361
21
-1.4009150787401574
0
LINE
8
BLACK
6
CONTINUOUS
10
2.5545851181102361
20
-1.4009150787401574
11
2.5657598818897638
21
-1.3855343307086614
0
LINE
8
BLACK
6
CONTINUOUS
10
2.5657598818897638
20
-1.3855343307086614
11
2.5781069685039371
21
-1.3710777559055118
0
LINE
8
BLACK
6
CONTINUOUS
10
2.5781069685039371
20
-1.3710777559055118
11
2.5915501968503936
21
-1.3576345275590551
0
LINE
8
BLACK
6
CONTINUOUS
10
2.5915501968503936
20
-1.3576345275590551
11
2.6060067716535431
21
-1.3452874409448818
0
LINE
8
BLACK
6
CONTINUOUS
10
2.6060067716535431
20
-1.3452874409448818
11
2.6213875196850394
21
-1.3341126771653542
0
LINE
8
BLACK
6
CONTINUOUS
10
2.6213875196850394
20
-1.3341126771653542
11
2.6375975984251969
21
-1.3241791338582676
0
LINE
8
BLACK
6
CONTINUOUS
10
2.6375975984251969
20
-1.3241791338582676
11
2.6545371259842518
21
-1.3155479921259843
0
LINE
8
BLACK
6
CONTINUOUS
10
2.6545371259842518
20
-1.3155479921259843
11
2.6721015748031496
21
-1.3082725590551181
0
LINE
8
BLACK
6
CONTINUOUS
10
2.6721015748031496
20
-1.3082725590551181
11
2.6901827165354328
21
-1.3023976377952755
0
LINE
8
BLACK
6
CONTINUOUS
10
2.6901827165354328
20
-1.3023976377952755
11
2.7086690944881888
21
-1.2979594881889764
0
LINE
8
BLACK
6
CONTINUOUS
10
2.7086690944881888
20
-1.2979594881889764
11
2.7274466535433071
21
-1.2949853937007874
0
LINE
8
BLACK
6
CONTINUOUS
10
2.7274466535433071
20
-1.2949853937007874
11
2.7463996850393699
21
-1.2934937401574802
0
LINE
8
BLACK
6
CONTINUOUS
10
2.7463996850393699
20
-1.2934937401574802
11
2.7654113385826773
21
-1.2934937401574802
0
LINE
8
BLACK
6
CONTINUOUS
10
2.7654113385826773
20
-1.2934937401574802
11
2.7843643700787402
21
-1.2949853937007874
0
LINE
8
BLACK
6
CONTINUOUS
10
2.5177165354330708
20
-1.5447915354330708
11
2.5191850393700785
21
-1.5634507874015748
0
LINE
8
BLACK
6
CONTINUOUS
10
2.5191850393700785
20
-1.5634507874015748
11
2.5221130314960631
21
-1.5819372834645669
0
LINE
8
BLACK
6
CONTINUOUS
10
2.5221130314960631
20
-1.5819372834645669
11
2.5264824015748033
21
-1.6001370866141731
0
LINE
8
BLACK
6
CONTINUOUS
10
2.5264824015748033
20
-1.6001370866141731
11
2.5322662598425194
21
-1.6179379527559055
0
LINE
8
BLACK
6
CONTINUOUS
10
2.5322662598425194
20
-1.6179379527559055
11
2.539428937007874
21
-1.635230157480315
0
LINE
8
BLACK
6
CONTINUOUS
10
2.539428937007874
20
-1.635230157480315
11
2.5479262204724411
21
-1.6519070472440944
0
LINE
8
BLACK
6
CONTINUOUS
10
2.5479262204724411
20
-1.6519070472440944
11
2.5577058267716537
21
-1.6678658661417323
0
LINE
8
BLACK
6
CONTINUOUS
10
2.5577058267716537
20
-1.6678658661417323
11
2.5687073622047243
21
-1.6830081889763779
0
LINE
8
BLACK
6
CONTINUOUS
10
2.5687073622047243
20
-1.6830081889763779
11
2.580863031496063
21
-1.6972406692913387
0
LINE
8
BLACK
6
CONTINUOUS
10
2.580863031496063
20
-1.6972406692913387
11
2.5940979133858266
21
-1.7104755511811023
0
LINE
8
BLACK
6
CONTINUOUS
10
2.5940979133858266
20
-1.7104755511811023
11
2.6083303937007876
21
-1.722631220472441
0
LINE
8
BLACK
6
CONTINUOUS
10
2.6083303937007876
20
-1.722631220472441
11
2.6234727165354328
21
-1.7336327559055118
0
LINE
8
BLACK
6
CONTINUOUS
10
2.6234727165354328
20
-1.7336327559055118
11
2.6394315354330709
21
-1.7434123622047244
0
LINE
8
BLACK
6
CONTINUOUS
10
2.6394315354330709
20
-1.7434123622047244
11
2.6561084251968503
21
-1.7519096456692913
0
LINE
8
BLACK
6
CONTINUOUS
10
2.6561084251968503
20
-1.7519096456692913
11
2.6734006299212596
21
-1.7590723228346457
0
LINE
8
BLACK
6
CONTINUOUS
10
2.6734006299212596
20
-1.7590723228346457
11
2.691201496062992
21
-1.7648561811023622
0
LINE
8
BLACK
6
CONTINUOUS
10
2.691201496062992
20
-1.7648561811023622
11
2.7094012992125984
21
-1.7692255511811024
0
LINE
8
BLACK
6
CONTINUOUS
10
2.7094012992125984
20
-1.7692255511811024
11
2.7278877952755907
21
-1.7721535433070865
0
LINE
8
BLACK
6
CONTINUOUS
10
2.7278877952755907
20
-1.7721535433070865
11
2.7465470472440945
21
-1.7736220472440944
0
LINE
8
BLACK
6
CONTINUOUS
10
2.7465470472440945
20
-1.7736220472440944
11
2.7652639763779527
21
-1.7736220472440944
0
LINE
8
BLACK
6
CONTINUOUS
10
2.7652639763779527
20
-1.7736220472440944
11
2.7839232283464566
21
-1.7721535433070865
0
LINE
8
BLACK
6
CONTINUOUS
10
2.7839232283464566
20
-1.7721535433070865
11
2.8024097244094488
21
-1.7692255511811024
0
LINE
8
BLACK
6
CONTINUOUS
10
2.8024097244094488
20
-1.7692255511811024
11
2.8206095275590553
21
-1.7648561811023622
0
LINE
8
BLACK
6
CONTINUOUS
10
2.8206095275590553
20
-1.7648561811023622
11
2.8384103937007872
21
-1.7590723228346457
0
LINE
8
BLACK
6
CONTINUOUS
10
2.8384103937007872
20
-1.7590723228346457
11
2.8557025984251969
21
-1.7519096456692913
0
LINE
8
BLACK
6
CONTINUOUS
10
2.8557025984251969
20
-1.7519096456692913
11
2.8723794881889764
21
-1.7434123622047244
0
LINE
8
BLACK
6
CONTINUOUS
10
2.8723794881889764
20
-1.7434123622047244
11
2.888338307086614
21
-1.7336327559055118
0
LINE
8
BLACK
6
CONTINUOUS
10
2.888338307086614
20
-1.7336327559055118
11
2.9034806299212597
21
-1.722631220472441
0
LINE
8
BLACK
6
CONTINUOUS
10
2.9034806299212597
20
-1.722631220472441
11
2.9177131102362206
21
-1.7104755511811023
0
LINE
8
BLACK
6
CONTINUOUS
10
2.9177131102362206
20
-1.7104755511811023
11
2.9309479921259842
21
-1.6972406692913387
0
LINE
8
BLACK
6
CONTINUOUS
10
2.9309479921259842
20
-1.6972406692913387
11
2.9431036614173229
21
-1.6830081889763779
0
LINE
8
BLACK
6
CONTINUOUS
10
2.9431036614173229
20
-1.6830081889763779
11
2.9541051968503935
21
-1.6678658661417323
0
LINE
8
BLACK
6
CONTINUOUS
10
2.9541051968503935
20
-1.6678658661417323
11
2.9638848031496061
21
-1.6519070472440944
0
LINE
8
BLACK
6
CONTINUOUS
10
2.9638848031496061
20
-1.6519070472440944
11
2.9723820866141732
21
-1.635230157480315
0
LINE
8
BLACK
6
CONTINUOUS
10
2.9723820866141732
20
-1.635230157480315
11
2.9795447637795274
21
-1.6179379527559055
0
LINE
8
BLACK
6
CONTINUOUS
10
2.9795447637795274
20
-1.6179379527559055
11
2.9853286220472439
21
-1.6001370866141731
0
LINE
8
BLACK
6
CONTINUOUS
10
2.9853286220472439
20
-1.6001370866141731
11
2.9896979921259841
21
-1.5819372834645669
0
LINE
8
BLACK
6
CONTINUOUS
10
2.9896979921259841
20
-1.5819372834645669
11
2.9926259842519682
21
-1.5634507874015748
0
LINE
8
BLACK
6
CONTINUOUS
10
2.9926259842519682
20
-1.5634507874015748
11
2.9940944881889764
21
-1.5447915354330708
0
LINE
8
BLACK
6
CONTINUOUS
10
2.9940944881889764
20
-1.5447915354330708
11
2.9940944881889764
21
-1.5260746062992125
0
LINE
8
BLACK
6
CONTINUOUS
10
2.9940944881889764
20
-1.5260746062992125
11
2.9926259842519682
21
-1.5074153543307087
0
LINE
8
BLACK
6
CONTINUOUS
10
2.9926259842519682
20
-1.5074153543307087
11
2.9896979921259841
21
-1.4889288582677165
0
LINE
8
BLACK
6
CONTINUOUS
10
2.9896979921259841
20
-1.4889288582677165
11
2.9853286220472439
21
-1.4707290551181103
0
LINE
8
BLACK
6
CONTINUOUS
10
2.9853286220472439
20
-1.4707290551181103
11
2.9795447637795274
21
-1.4529281889763779
0
LINE
8
BLACK
6
CONTINUOUS
10
2.9795447637795274
20
-1.4529281889763779
11
2.9723820866141732
21
-1.4356359842519684
0
LINE
8
BLACK
6
CONTINUOUS
10
2.9723820866141732
20
-1.4356359842519684
11
2.9638848031496061
21
-1.4189590944881889
0
LINE
8
BLACK
6
CONTINUOUS
10
2.9638848031496061
20
-1.4189590944881889
11
2.9541051968503935
21
-1.4030002755905511
0
LINE
8
BLACK
6
CONTINUOUS
10
2.9541051968503935
20
-1.4030002755905511
11
2.9431036614173229
21
-1.3878579527559054
0
LINE
8
BLACK
6
CONTINUOUS
10
2.9431036614173229
20
-1.3878579527559054
11
2.9309479921259842
21
-1.3736254724409449
0
LINE
8
BLACK
6
CONTINUOUS
10
2.9309479921259842
20
-1.3736254724409449
11
2.9177131102362206
21
-1.3603905905511811
0
LINE
8
BLACK
6
CONTINUOUS
10
2.9177131102362206
20
-1.3603905905511811
11
2.9034806299212597
21
-1.3482349212598426
0
LINE
8
BLACK
6
CONTINUOUS
10
2.9034806299212597
20
-1.3482349212598426
11
2.888338307086614
21
-1.3372333858267715
0
LINE
8
BLACK
6
CONTINUOUS
10
2.888338307086614
20
-1.3372333858267715
11
2.8723794881889764
21
-1.3274537795275589
0
LINE
8
BLACK
6
CONTINUOUS
10
2.8723794881889764
20
-1.3274537795275589
11
2.8557025984251969
21
-1.318956496062992
0
LINE
8
BLACK
6
CONTINUOUS
10
2.8557025984251969
20
-1.318956496062992
11
2.8384103937007872
21
-1.3117938188976377
0
LINE
8
BLACK
6
CONTINUOUS
10
2.8384103937007872
20
-1.3117938188976377
11
2.8206095275590553
21
-1.3060099606299211
0
LINE
8
BLACK
6
CONTINUOUS
10
2.8206095275590553
20
-1.3060099606299211
11
2.8024097244094488
21
-1.301640590551181
0
LINE
8
BLACK
6
CONTINUOUS
10
2.8024097244094488
20
-1.301640590551181
11
2.7839232283464566
21
-1.2987125984251968
0
LINE
8
BLACK
6
CONTINUOUS
10
2.7839232283464566
20
-1.2987125984251968
11
2.7652639763779527
21
-1.2972440944881889
0
LINE
8
BLACK
6
CONTINUOUS
10
2.7652639763779527
20
-1.2972440944881889
11
2.7465470472440945
21
-1.2972440944881889
0
LINE
8
BLACK
6
CONTINUOUS
10
2.7465470472440945
20
-1.2972440944881889
11
2.7278877952755907
21
-1.2987125984251968
0
LINE
8
BLACK
6
CONTINUOUS
10
2.7278877952755907
20
-1.2987125984251968
11
2.7094012992125984
21
-1.301640590551181
0
LINE
8
BLACK
6
CONTINUOUS
10
2.7094012992125984
20
-1.301640590551181
11
2.691201496062992
21
-1.3060099606299211
0
LINE
8
BLACK
6
CONTINUOUS
10
2.691201496062992
20
-1.3060099606299211
11
2.6734006299212596
21
-1.3117938188976377
0
LINE
8
BLACK
6
CONTINUOUS
10
2.6734006299212596
20
-1.3117938188976377
11
2.6561084251968503
21
-1.318956496062992
0
LINE
8
BLACK
6
CONTINUOUS
10
2.6561084251968503
20
-1.318956496062992
11
2.6394315354330709
21
-1.3274537795275589
0
LINE
8
BLACK
6
CONTINUOUS
10
2.6394315354330709
20
-1.3274537795275589
11
2.6234727165354328
21
-1.3372333858267715
0
LINE
8
BLACK
6
CONTINUOUS
10
2.6234727165354328
20
-1.3372333858267715
11
2.6083303937007876
21
-1.3482349212598426
0
LINE
8
BLACK
6
CONTINUOUS
10
2.6083303937007876
20
-1.3482349212598426
11
2.5940979133858266
21
-1.3603905905511811
0
LINE
8
BLACK
6
CONTINUOUS
10
2.5940979133858266
20
-1.3603905905511811
11
2.580863031496063
21
-1.3736254724409449
0
LINE
8
BLACK
6
CONTINUOUS
10
2.580863031496063
20
-1.3736254724409449
11
2.5687073622047243
21
-1.3878579527559054
0
LINE
8
BLACK
6
CONTINUOUS
10
2.5687073622047243
20
-1.3878579527559054
11
2.5577058267716537
21
-1.4030002755905511
0
LINE
8
BLACK
6
CONTINUOUS
10
2.5577058267716537
20
-1.4030002755905511
11
2.5479262204724411
21
-1.4189590944881889
0
LINE
8
BLACK
6
CONTINUOUS
10
2.5479262204724411
20
-1.4189590944881889
11
2.539428937007874
21
-1.4356359842519684
0
LINE
8
BLACK
6
CONTINUOUS
10
2.539428937007874
20
-1.4356359842519684
11
2.5322662598425194
21
-1.4529281889763779
0
LINE
8
BLACK
6
CONTINUOUS
10
2.5322662598425194
20
-1.4529281889763779
11
2.5264824015748033
21
-1.4707290551181103
0
LINE
8
BLACK
6
CONTINUOUS
10
2.5264824015748033
20
-1.4707290551181103
11
2.5221130314960631
21
-1.4889288582677165
0
LINE
8
BLACK
6
CONTINUOUS
10
2.5221130314960631
20
-1.4889288582677165
11
2.5191850393700785
21
-1.5074153543307087
0
LINE
8
BLACK
6
CONTINUOUS
10
2.5191850393700785
20
-1.5074153543307087
11
2.5177165354330708
21
-1.5260746062992125
0
LINE
8
BLACK
6
CONTINUOUS
10
2.5177165354330708
20
-1.5260746062992125
11
2.5177165354330708
21
-1.5447915354330708
0
LINE
8
BLACK
6
CONTINUOUS
10
5.7371202755905513
20
-1.2949853937007874
11
5.7558978346456691
21
-1.2979594881889764
0
LINE
8
BLACK
6
CONTINUOUS
10
5.7558978346456691
20
-1.2979594881889764
11
5.7743842125984255
21
-1.3023976377952755
0
LINE
8
BLACK
6
CONTINUOUS
10
5.7743842125984255
20
-1.3023976377952755
11
5.7924653543307087
21
-1.3082725590551181
0
LINE
8
BLACK
6
CONTINUOUS
10
5.7924653543307087
20
-1.3082725590551181
11
5.8100298031496065
21
-1.3155479921259843
0
LINE
8
BLACK
6
CONTINUOUS
10
5.8100298031496065
20
-1.3155479921259843
11
5.8269693307086614
21
-1.3241791338582676
0
LINE
8
BLACK
6
CONTINUOUS
10
5.8269693307086614
20
-1.3241791338582676
11
5.843179409448819
21
-1.3341126771653542
0
LINE
8
BLACK
6
CONTINUOUS
10
5.843179409448819
20
-1.3341126771653542
11
5.8585601574803148
21
-1.3452874409448818
0
LINE
8
BLACK
6
CONTINUOUS
10
5.8585601574803148
20
-1.3452874409448818
11
5.8730167322834648
21
-1.3576345275590551
0
LINE
8
BLACK
6
CONTINUOUS
10
5.8730167322834648
20
-1.3576345275590551
11
5.8864599606299208
21
-1.3710777559055118
0
LINE
8
BLACK
6
CONTINUOUS
10
5.8864599606299208
20
-1.3710777559055118
11
5.8988070472440945
21
-1.3855343307086614
0
LINE
8
BLACK
6
CONTINUOUS
10
5.8988070472440945
20
-1.3855343307086614
11
5.9099818110236217
21
-1.4009150787401574
0
LINE
8
BLACK
6
CONTINUOUS
10
5.9099818110236217
20
-1.4009150787401574
11
5.9199153543307084
21
-1.417125157480315
0
LINE
8
BLACK
6
CONTINUOUS
10
5.9199153543307084
20
-1.417125157480315
11
5.9285464960629923
21
-1.4340646850393701
0
LINE
8
BLACK
6
CONTINUOUS
10
5.9285464960629923
20
-1.4340646850393701
11
5.9358219291338585
21
-1.4516291338582676
0
LINE
8
BLACK
6
CONTINUOUS
10
5.9358219291338585
20
-1.4516291338582676
11
5.9416968503937007
21
-1.4697102755905511
0
LINE
8
BLACK
6
CONTINUOUS
10
5.9416968503937007
20
-1.4697102755905511
11
5.9461349999999999
21
-1.4881966535433071
0
LINE
8
BLACK
6
CONTINUOUS
10
5.9461349999999999
20
-1.4881966535433071
11
5.9491090944881888
21
-1.5069742125984251
0
LINE
8
BLACK
6
CONTINUOUS
10
5.9491090944881888
20
-1.5069742125984251
11
5.950600748031496
21
-1.5259272440944882
0
LINE
8
BLACK
6
CONTINUOUS
10
5.950600748031496
20
-1.5259272440944882
11
5.950600748031496
21
-1.5449388976377953
0
LINE
8
BLACK
6
CONTINUOUS
10
5.950600748031496
20
-1.5449388976377953
11
5.9491090944881888
21
-1.5638919291338582
0
LINE
8
BLACK
6
CONTINUOUS
10
5.9491090944881888
20
-1.5638919291338582
11
5.9461349999999999
21
-1.5826694881889762
0
LINE
8
BLACK
6
CONTINUOUS
10
5.9461349999999999
20
-1.5826694881889762
11
5.9416968503937007
21
-1.6011558661417322
0
LINE
8
BLACK
6
CONTINUOUS
10
5.9416968503937007
20
-1.6011558661417322
11
5.9358219291338585
21
-1.6192370078740157
0
LINE
8
BLACK
6
CONTINUOUS
10
5.9358219291338585
20
-1.6192370078740157
11
5.9285464960629923
21
-1.6368014566929134
0
LINE
8
BLACK
6
CONTINUOUS
10
5.9285464960629923
20
-1.6368014566929134
11
5.9199153543307084
21
-1.6537409842519684
0
LINE
8
BLACK
6
CONTINUOUS
10
5.9199153543307084
20
-1.6537409842519684
11
5.9099818110236217
21
-1.6699510629921259
0
LINE
8
BLACK
6
CONTINUOUS
10
5.9099818110236217
20
-1.6699510629921259
11
5.8988070472440945
21
-1.685331811023622
0
LINE
8
BLACK
6
CONTINUOUS
10
5.8988070472440945
20
-1.685331811023622
11
5.8864599606299208
21
-1.6997883858267717
0
LINE
8
BLACK
6
CONTINUOUS
10
5.8864599606299208
20
-1.6997883858267717
11
5.8730167322834648
21
-1.7132316141732282
0
LINE
8
BLACK
6
CONTINUOUS
10
5.8730167322834648
20
-1.7132316141732282
11
5.8585601574803148
21
-1.7255787007874015
0
LINE
8
BLACK
6
CONTINUOUS
10
5.8585601574803148
20
-1.7255787007874015
11
5.843179409448819
21
-1.7367534645669291
0
LINE
8
BLACK
6
CONTINUOUS
10
5.843179409448819
20
-1.7367534645669291
11
5.8269693307086614
21
-1.7466870078740158
0
LINE
8
BLACK
6
CONTINUOUS
10
5.8269693307086614
20
-1.7466870078740158
11
5.8100298031496065
21
-1.7553181496062993
0
LINE
8
BLACK
6
CONTINUOUS
10
5.8100298031496065
20
-1.7553181496062993
11
5.7924653543307087
21
-1.7625935826771653
0
LINE
8
BLACK
6
CONTINUOUS
10
5.7924653543307087
20
-1.7625935826771653
11
5.7743842125984255
21
-1.7684685039370078
0
LINE
8
BLACK
6
CONTINUOUS
10
5.7743842125984255
20
-1.7684685039370078
11
5.7558978346456691
21
-1.7729066535433071
0
LINE
8
BLACK
6
CONTINUOUS
10
5.7558978346456691
20
-1.7729066535433071
11
5.7371202755905513
21
-1.775880748031496
0
LINE
8
BLACK
6
CONTINUOUS
10
5.7371202755905513
20
-1.775880748031496
11
5.718167244094488
21
-1.7773724015748031
0
LINE
8
BLACK
6
CONTINUOUS
10
5.718167244094488
20
-1.7773724015748031
11
5.6991555905511806
21
-1.7773724015748031
0
LINE
8
BLACK
6
CONTINUOUS
10
5.6991555905511806
20
-1.7773724015748031
11
5.6802025590551182
21
-1.775880748031496
0
LINE
8
BLACK
6
CONTINUOUS
10
5.6802025590551182
20
-1.775880748031496
11
5.6614249999999995
21
-1.7729066535433071
0
LINE
8
BLACK
6
CONTINUOUS
10
5.6614249999999995
20
-1.7729066535433071
11
5.6429386220472439
21
-1.7684685039370078
0
LINE
8
BLACK
6
CONTINUOUS
10
5.6429386220472439
20
-1.7684685039370078
11
5.6248574803149607
21
-1.7625935826771653
0
LINE
8
BLACK
6
CONTINUOUS
10
5.6248574803149607
20
-1.7625935826771653
11
5.607293031496063
21
-1.7553181496062993
0
LINE
8
BLACK
6
CONTINUOUS
10
5.607293031496063
20
-1.7553181496062993
11
5.590353503937008
21
-1.7466870078740158
0
LINE
8
BLACK
6
CONTINUOUS
10
5.590353503937008
20
-1.7466870078740158
11
5.5741434251968505
21
-1.7367534645669291
0
LINE
8
BLACK
6
CONTINUOUS
10
5.5741434251968505
20
-1.7367534645669291
11
5.5587626771653538
21
-1.7255787007874015
0
LINE
8
BLACK
6
CONTINUOUS
10
5.5587626771653538
20
-1.7255787007874015
11
5.5443061023622047
21
-1.7132316141732282
0
LINE
8
BLACK
6
CONTINUOUS
10
5.5443061023622047
20
-1.7132316141732282
11
5.5308628740157477
21
-1.6997883858267717
0
LINE
8
BLACK
6
CONTINUOUS
10
5.5308628740157477
20
-1.6997883858267717
11
5.5185157874015749
21
-1.685331811023622
0
LINE
8
BLACK
6
CONTINUOUS
10
5.5185157874015749
20
-1.685331811023622
11
5.5073410236220468
21
-1.6699510629921259
0
LINE
8
BLACK
6
CONTINUOUS
10
5.5073410236220468
20
-1.6699510629921259
11
5.4974074803149602
21
-1.6537409842519684
0
LINE
8
BLACK
6
CONTINUOUS
10
5.4974074803149602
20
-1.6537409842519684
11
5.4887763385826771
21
-1.6368014566929134
0
LINE
8
BLACK
6
CONTINUOUS
10
5.4887763385826771
20
-1.6368014566929134
11
5.4815009055118109
21
-1.6192370078740157
0
LINE
8
BLACK
6
CONTINUOUS
10
5.4815009055118109
20
-1.6192370078740157
11
5.4756259842519688
21
-1.6011558661417322
0
LINE
8
BLACK
6
CONTINUOUS
10
5.4756259842519688
20
-1.6011558661417322
11
5.4711878346456695
21
-1.5826694881889762
0
LINE
8
BLACK
6
CONTINUOUS
10
5.4711878346456695
20
-1.5826694881889762
11
5.4682137401574806
21
-1.5638919291338582
0
LINE
8
BLACK
6
CONTINUOUS
10
5.4682137401574806
20
-1.5638919291338582
11
5.4667220866141735
21
-1.5449388976377953
0
LINE
8
BLACK
6
CONTINUOUS
10
5.4667220866141735
20
-1.5449388976377953
11
5.4667220866141735
21
-1.5260746062992125
0
LINE
8
BLACK
6
CONTINUOUS
10
5.4667220866141735
20
-1.5260746062992125
11
5.4667220866141735
21
-1.5259272440944882
0
LINE
8
BLACK
6
CONTINUOUS
10
5.4667220866141735
20
-1.5259272440944882
11
5.4682137401574806
21
-1.5069742125984251
0
LINE
8
BLACK
6
CONTINUOUS
10
5.4682137401574806
20
-1.5069742125984251
11
5.4711878346456695
21
-1.4881966535433071
0
LINE
8
BLACK
6
CONTINUOUS
10
5.4711878346456695
20
-1.4881966535433071
11
5.4756259842519688
21
-1.4697102755905511
0
LINE
8
BLACK
6
CONTINUOUS
10
5.4756259842519688
20
-1.4697102755905511
11
5.4815009055118109
21
-1.4516291338582676
0
LINE
8
BLACK
6
CONTINUOUS
10
5.4815009055118109
20
-1.4516291338582676
11
5.4887763385826771
21
-1.4340646850393701
0
LINE
8
BLACK
6
CONTINUOUS
10
5.4887763385826771
20
-1.4340646850393701
11
5.4974074803149602
21
-1.417125157480315
0
LINE
8
BLACK
6
CONTINUOUS
10
5.4974074803149602
20
-1.417125157480315
11
5.5073410236220468
21
-1.4009150787401574
0
LINE
8
BLACK
6
CONTINUOUS
10
5.5073410236220468
20
-1.4009150787401574
11
5.5185157874015749
21
-1.3855343307086614
0
LINE
8
BLACK
6
CONTINUOUS
10
5.5185157874015749
20
-1.3855343307086614
11
5.5308628740157477
21
-1.3710777559055118
0
LINE
8
BLACK
6
CONTINUOUS
10
5.5308628740157477
20
-1.3710777559055118
11
5.5443061023622047
21
-1.3576345275590551
0
LINE
8
BLACK
6
CONTINUOUS
10
5.5443061023622047
20
-1.3576345275590551
11
5.5587626771653538
21
-1.3452874409448818
0
LINE
8
BLACK
6
CONTINUOUS
10
5.5587626771653538
20
-1.3452874409448818
11
5.5741434251968505
21
-1.3341126771653542
0
LINE
8
BLACK
6
CONTINUOUS
10
5.5741434251968505
20
-1.3341126771653542
11
5.590353503937008
21
-1.3241791338582676
0
LINE
8
BLACK
6
CONTINUOUS
10
5.590353503937008
20
-1.3241791338582676
11
5.607293031496063
21
-1.3155479921259843
0
LINE
8
BLACK
6
CONTINUOUS
10
5.607293031496063
20
-1.3155479921259843
11
5.6248574803149607
21
-1.3082725590551181
0
LINE
8
BLACK
6
CONTINUOUS
10
5.6248574803149607
20
-1.3082725590551181
11
5.6429386220472439
21
-1.3023976377952755
0
LINE
8
BLACK
6
CONTINUOUS
10
5.6429386220472439
20
-1.3023976377952755
11
5.6614249999999995
21
-1.2979594881889764
0
LINE
8
BLACK
6
CONTINUOUS
10
5.6614249999999995
20
-1.2979594881889764
11
5.6802025590551182
21
-1.2949853937007874
0
LINE
8
BLACK
6
CONTINUOUS
10
5.6802025590551182
20
-1.2949853937007874
11
5.6991555905511806
21
-1.2934937401574802
0
LINE
8
BLACK
6
CONTINUOUS
10
5.6991555905511806
20
-1.2934937401574802
11
5.718167244094488
21
-1.2934937401574802
0
LINE
8
BLACK
6
CONTINUOUS
10
5.718167244094488
20
-1.2934937401574802
11
5.7371202755905513
21
-1.2949853937007874
0
LINE
8
BLACK
6
CONTINUOUS
10
5.4704724409448815
20
-1.5447915354330708
11
5.4719409448818892
21
-1.5634507874015748
0
LINE
8
BLACK
6
CONTINUOUS
10
5.4719409448818892
20
-1.5634507874015748
11
5.4748689370078738
21
-1.5819372834645669
0
LINE
8
BLACK
6
CONTINUOUS
10
5.4748689370078738
20
-1.5819372834645669
11
5.4792383070866144
21
-1.6001370866141731
0
LINE
8
BLACK
6
CONTINUOUS
10
5.4792383070866144
20
-1.6001370866141731
11
5.485022165354331
21
-1.6179379527559055
0
LINE
8
BLACK
6
CONTINUOUS
10
5.485022165354331
20
-1.6179379527559055
11
5.4921848425196851
21
-1.635230157480315
0
LINE
8
BLACK
6
CONTINUOUS
10
5.4921848425196851
20
-1.635230157480315
11
5.5006821259842518
21
-1.6519070472440944
0
LINE
8
BLACK
6
CONTINUOUS
10
5.5006821259842518
20
-1.6519070472440944
11
5.5104617322834644
21
-1.6678658661417323
0
LINE
8
BLACK
6
CONTINUOUS
10
5.5104617322834644
20
-1.6678658661417323
11
5.521463267716535
21
-1.6830081889763779
0
LINE
8
BLACK
6
CONTINUOUS
10
5.521463267716535
20
-1.6830081889763779
11
5.5336189370078737
21
-1.6972406692913387
0
LINE
8
BLACK
6
CONTINUOUS
10
5.5336189370078737
20
-1.6972406692913387
11
5.5468538188976373
21
-1.7104755511811023
0
LINE
8
BLACK
6
CONTINUOUS
10
5.5468538188976373
20
-1.7104755511811023
11
5.5610862992125982
21
-1.722631220472441
0
LINE
8
BLACK
6
CONTINUOUS
10
5.5610862992125982
20
-1.722631220472441
11
5.5762286220472443
21
-1.7336327559055118
0
LINE
8
BLACK
6
CONTINUOUS
10
5.5762286220472443
20
-1.7336327559055118
11
5.5921874409448815
21
-1.7434123622047244
0
LINE
8
BLACK
6
CONTINUOUS
10
5.5921874409448815
20
-1.7434123622047244
11
5.608864330708661
21
-1.7519096456692913
0
LINE
8
BLACK
6
CONTINUOUS
10
5.608864330708661
20
-1.7519096456692913
11
5.6261565354330711
21
-1.7590723228346457
0
LINE
8
BLACK
6
CONTINUOUS
10
5.6261565354330711
20
-1.7590723228346457
11
5.6439574015748031
21
-1.7648561811023622
0
LINE
8
BLACK
6
CONTINUOUS
10
5.6439574015748031
20
-1.7648561811023622
11
5.6621572047244095
21
-1.7692255511811024
0
LINE
8
BLACK
6
CONTINUOUS
10
5.6621572047244095
20
-1.7692255511811024
11
5.6806437007874013
21
-1.7721535433070865
0
LINE
8
BLACK
6
CONTINUOUS
10
5.6806437007874013
20
-1.7721535433070865
11
5.6993029527559056
21
-1.7736220472440944
0
LINE
8
BLACK
6
CONTINUOUS
10
5.6993029527559056
20
-1.7736220472440944
11
5.7180198818897638
21
-1.7736220472440944
0
LINE
8
BLACK
6
CONTINUOUS
10
5.7180198818897638
20
-1.7736220472440944
11
5.7366791338582672
21
-1.7721535433070865
0
LINE
8
BLACK
6
CONTINUOUS
10
5.7366791338582672
20
-1.7721535433070865
11
5.7551656299212599
21
-1.7692255511811024
0
LINE
8
BLACK
6
CONTINUOUS
10
5.7551656299212599
20
-1.7692255511811024
11
5.7733654330708664
21
-1.7648561811023622
0
LINE
8
BLACK
6
CONTINUOUS
10
5.7733654330708664
20
-1.7648561811023622
11
5.7911662992125983
21
-1.7590723228346457
0
LINE
8
BLACK
6
CONTINUOUS
10
5.7911662992125983
20
-1.7590723228346457
11
5.8084585039370076
21
-1.7519096456692913
0
LINE
8
BLACK
6
CONTINUOUS
10
5.8084585039370076
20
-1.7519096456692913
11
5.825135393700787
21
-1.7434123622047244
0
LINE
8
BLACK
6
CONTINUOUS
10
5.825135393700787
20
-1.7434123622047244
11
5.8410942125984251
21
-1.7336327559055118
0
LINE
8
BLACK
6
CONTINUOUS
10
5.8410942125984251
20
-1.7336327559055118
11
5.8562365354330703
21
-1.722631220472441
0
LINE
8
BLACK
6
CONTINUOUS
10
5.8562365354330703
20
-1.722631220472441
11
5.8704690157480313
21
-1.7104755511811023
0
LINE
8
BLACK
6
CONTINUOUS
10
5.8704690157480313
20
-1.7104755511811023
11
5.8837038976377949
21
-1.6972406692913387
0
LINE
8
BLACK
6
CONTINUOUS
10
5.8837038976377949
20
-1.6972406692913387
11
5.8958595669291336
21
-1.6830081889763779
0
LINE
8
BLACK
6
CONTINUOUS
10
5.8958595669291336
20
-1.6830081889763779
11
5.9068611023622042
21
-1.6678658661417323
0
LINE
8
BLACK
6
CONTINUOUS
10
5.9068611023622042
20
-1.6678658661417323
11
5.9166407086614168
21
-1.6519070472440944
0
LINE
8
BLACK
6
CONTINUOUS
10
5.9166407086614168
20
-1.6519070472440944
11
5.9251379921259844
21
-1.635230157480315
0
LINE
8
BLACK
6
CONTINUOUS
10
5.9251379921259844
20
-1.635230157480315
11
5.9323006692913385
21
-1.6179379527559055
0
LINE
8
BLACK
6
CONTINUOUS
10
5.9323006692913385
20
-1.6179379527559055
11
5.938084527559055
21
-1.6001370866141731
0
LINE
8
BLACK
6
CONTINUOUS
10
5.938084527559055
20
-1.6001370866141731
11
5.9424538976377947
21
-1.5819372834645669
0
LINE
8
BLACK
6
CONTINUOUS
10
5.9424538976377947
20
-1.5819372834645669
11
5.9453818897637793
21
-1.5634507874015748
0
LINE
8
BLACK
6
CONTINUOUS
10
5.9453818897637793
20
-1.5634507874015748
11
5.9468503937007871
21
-1.5447915354330708
0
LINE
8
BLACK
6
CONTINUOUS
10
5.9468503937007871
20
-1.5447915354330708
11
5.9468503937007871
21
-1.5260746062992125
0
LINE
8
BLACK
6
CONTINUOUS
10
5.9468503937007871
20
-1.5260746062992125
11
5.9453818897637793
21
-1.5074153543307087
0
LINE
8
BLACK
6
CONTINUOUS
10
5.9453818897637793
20
-1.5074153543307087
11
5.9424538976377947
21
-1.4889288582677165
0
LINE
8
BLACK
6
CONTINUOUS
10
5.9424538976377947
20
-1.4889288582677165
11
5.938084527559055
21
-1.4707290551181103
0
LINE
8
BLACK
6
CONTINUOUS
10
5.938084527559055
20
-1.4707290551181103
11
5.9323006692913385
21
-1.4529281889763779
0
LINE
8
BLACK
6
CONTINUOUS
10
5.9323006692913385
20
-1.4529281889763779
11
5.9251379921259844
21
-1.4356359842519684
0
LINE
8
BLACK
6
CONTINUOUS
10
5.9251379921259844
20
-1.4356359842519684
11
5.9166407086614168
21
-1.4189590944881889
0
LINE
8
BLACK
6
CONTINUOUS
10
5.9166407086614168
20
-1.4189590944881889
11
5.9068611023622042
21
-1.4030002755905511
0
LINE
8
BLACK
6
CONTINUOUS
10
5.9068611023622042
20
-1.4030002755905511
11
5.8958595669291336
21
-1.3878579527559054
0
LINE
8
BLACK
6
CONTINUOUS
10
5.8958595669291336
20
-1.3878579527559054
11
5.8837038976377949
21
-1.3736254724409449
0
LINE
8
BLACK
6
CONTINUOUS
10
5.8837038976377949
20
-1.3736254724409449
11
5.8704690157480313
21
-1.3603905905511811
0
LINE
8
BLACK
6
CONTINUOUS
10
5.8704690157480313
20
-1.3603905905511811
11
5.8562365354330703
21
-1.3482349212598426
0
LINE
8
BLACK
6
CONTINUOUS
10
5.8562365354330703
20
-1.3482349212598426
11
5.8410942125984251
21
-1.3372333858267715
0
LINE
8
BLACK
6
CONTINUOUS
10
5.8410942125984251
20
-1.3372333858267715
11
5.825135393700787
21
-1.3274537795275589
0
LINE
8
BLACK
6
CONTINUOUS
10
5.825135393700787
20
-1.3274537795275589
11
5.8084585039370076
21
-1.318956496062992
0
LINE
8
BLACK
6
CONTINUOUS
10
5.8084585039370076
20
-1.318956496062992
11
5.7911662992125983
21
-1.3117938188976377
0
LINE
8
BLACK
6
CONTINUOUS
10
5.7911662992125983
20
-1.3117938188976377
11
5.7733654330708664
21
-1.3060099606299211
0
LINE
8
BLACK
6
CONTINUOUS
10
5.7733654330708664
20
-1.3060099606299211
11
5.7551656299212599
21
-1.301640590551181
0
LINE
8
BLACK
6
CONTINUOUS
10
5.7551656299212599
20
-1.301640590551181
11
5.7366791338582672
21
-1.2987125984251968
0
LINE
8
BLACK
6
CONTINUOUS
10
5.7366791338582672
20
-1.2987125984251968
11
5.7180198818897638
21
-1.2972440944881889
0
LINE
8
BLACK
6
CONTINUOUS
10
5.7180198818897638
20
-1.2972440944881889
11
5.6993029527559056
21
-1.2972440944881889
0
LINE
8
BLACK
6
CONTINUOUS
10
5.6993029527559056
20
-1.2972440944881889
11
5.6806437007874013
21
-1.2987125984251968
0
LINE
8
BLACK
6
CONTINUOUS
10
5.6806437007874013
20
-1.2987125984251968
11
5.6621572047244095
21
-1.301640590551181
0
LINE
8
BLACK
6
CONTINUOUS
10
5.6621572047244095
20
-1.301640590551181
11
5.6439574015748031
21
-1.3060099606299211
0
LINE
8
BLACK
6
CONTINUOUS
10
5.6439574015748031
20
-1.3060099606299211
11
5.6261565354330711
21
-1.3117938188976377
0
LINE
8
BLACK
6
CONTINUOUS
10
5.6261565354330711
20
-1.3117938188976377
11
5.608864330708661
21
-1.318956496062992
0
LINE
8
BLACK
6
CONTINUOUS
10
5.608864330708661
20
-1.318956496062992
11
5.5921874409448815
21
-1.3274537795275589
0
LINE
8
BLACK
6
CONTINUOUS
10
5.5921874409448815
20
-1.3274537795275589
11
5.5762286220472443
21
-1.3372333858267715
0
LINE
8
BLACK
6
CONTINUOUS
10
5.5762286220472443
20
-1.3372333858267715
11
5.5610862992125982
21
-1.3482349212598426
0
LINE
8
BLACK
6
CONTINUOUS
10
5.5610862992125982
20
-1.3482349212598426
11
5.5468538188976373
21
-1.3603905905511811
0
LINE
8
BLACK
6
CONTINUOUS
10
5.5468538188976373
20
-1.3603905905511811
11
5.5336189370078737
21
-1.3736254724409449
0
LINE
8
BLACK
6
CONTINUOUS
10
5.5336189370078737
20
-1.3736254724409449
11
5.521463267716535
21
-1.3878579527559054
0
LINE
8
BLACK
6
CONTINUOUS
10
5.521463267716535
20
-1.3878579527559054
11
5.5104617322834644
21
-1.4030002755905511
0
LINE
8
BLACK
6
CONTINUOUS
10
5.5104617322834644
20
-1.4030002755905511
11
5.5006821259842518
21
-1.4189590944881889
0
LINE
8
BLACK
6
CONTINUOUS
10
5.5006821259842518
20
-1.4189590944881889
11
5.4921848425196851
21
-1.4356359842519684
0
LINE
8
BLACK
6
CONTINUOUS
10
5.4921848425196851
20
-1.4356359842519684
11
5.485022165354331
21
-1.4529281889763779
0
LINE
8
BLACK
6
CONTINUOUS
10
5.485022165354331
20
-1.4529281889763779
11
5.4792383070866144
21
-1.4707290551181103
0
LINE
8
BLACK
6
CONTINUOUS
10
5.4792383070866144
20
-1.4707290551181103
11
5.4748689370078738
21
-1.4889288582677165
0
LINE
8
BLACK
6
CONTINUOUS
10
5.4748689370078738
20
-1.4889288582677165
11
5.4719409448818892
21
-1.5074153543307087
0
LINE
8
BLACK
6
CONTINUOUS
10
5.4719409448818892
20
-1.5074153543307087
11
5.4704724409448815
21
-1.5260746062992125
0
LINE
8
BLACK
6
CONTINUOUS
10
5.4704724409448815
20
-1.5260746062992125
11
5.4704724409448815
21
-1.5447915354330708
0
LINE
8
BLACK
6
CONTINUOUS
10
3.7086614173228347
20
-0.9822834645669292
11
4.015748031496063
21
-0.9822834645669292
0
LINE
8
BLACK
6
CONTINUOUS
10
4.015748031496063
20
-0.9822834645669292
11
4.0162323622047245
21
-0.9823798031496063
0
LINE
8
BLACK
6
CONTINUOUS
10
4.0162323622047245
20
-0.9823798031496063
11
4.0163563385826775
21
-0.9823798031496063
0
LINE
8
BLACK
6
CONTINUOUS
10
4.0163563385826775
20
-0.9823798031496063
11
4.0164030708661418
21
-0.9824137401574803
0
LINE
8
BLACK
6
CONTINUOUS
10
4.0164030708661418
20
-0.9824137401574803
11
4.0165013385826773
21
-0.9824333070866141
0
LINE
8
BLACK
6
CONTINUOUS
10
4.0165013385826773
20
-0.9824333070866141
11
4.0166909448818897
21
-0.9826229133858267
0
LINE
8
BLACK
6
CONTINUOUS
10
4.0166909448818897
20
-0.9826229133858267
11
4.0173405905511812
21
-0.9830949212598425
0
LINE
8
BLACK
6
CONTINUOUS
10
4.0173405905511812
20
-0.9830949212598425
11
4.0174260629921257
21
-0.9833580314960629
0
LINE
8
BLACK
6
CONTINUOUS
10
4.0174260629921257
20
-0.9833580314960629
11
4.0175666929133858
21
-0.9834986614173228
0
LINE
8
BLACK
6
CONTINUOUS
10
4.0175666929133858
20
-0.9834986614173228
11
4.0175666929133858
21
-0.9837907874015748
0
LINE
8
BLACK
6
CONTINUOUS
10
4.0175666929133858
20
-0.9837907874015748
11
4.0177165354330704
21
-0.984251968503937
0
LINE
8
BLACK
6
CONTINUOUS
10
4.0177165354330704
20
-0.984251968503937
11
4.0177165354330704
21
-0.9927607086614173
0
LINE
8
BLACK
6
CONTINUOUS
10
4.0177165354330704
20
-0.9927607086614173
11
4.0191996850393696
21
-1.0097133858267717
0
LINE
8
BLACK
6
CONTINUOUS
10
4.0191996850393696
20
-1.0097133858267717
11
4.0221547637795272
21
-1.0264723228346457
0
LINE
8
BLACK
6
CONTINUOUS
10
4.0221547637795272
20
-1.0264723228346457
11
4.0265591732283461
21
-1.0429099212598425
0
LINE
8
BLACK
6
CONTINUOUS
10
4.0265591732283461
20
-1.0429099212598425
11
4.0323794881889761
21
-1.0589011023622048
0
LINE
8
BLACK
6
CONTINUOUS
10
4.0323794881889761
20
-1.0589011023622048
11
4.0395713779527558
21
-1.0743241338582676
0
LINE
8
BLACK
6
CONTINUOUS
10
4.0395713779527558
20
-1.0743241338582676
11
4.0480801181102359
21
-1.0890616929133858
0
LINE
8
BLACK
6
CONTINUOUS
10
4.0480801181102359
20
-1.0890616929133858
11
4.0578409448818897
21
-1.1030015748031496
0
LINE
8
BLACK
6
CONTINUOUS
10
4.0578409448818897
20
-1.1030015748031496
11
4.0687795275590553
21
-1.1160377165354332
0
LINE
8
BLACK
6
CONTINUOUS
10
4.0687795275590553
20
-1.1160377165354332
11
4.0808126771653539
21
-1.1280708661417322
0
LINE
8
BLACK
6
CONTINUOUS
10
4.0808126771653539
20
-1.1280708661417322
11
4.0938488188976381
21
-1.1390094488188975
0
LINE
8
BLACK
6
CONTINUOUS
10
4.0938488188976381
20
-1.1390094488188975
11
4.1077887007874017
21
-1.1487702755905511
0
LINE
8
BLACK
6
CONTINUOUS
10
4.1077887007874017
20
-1.1487702755905511
11
4.1225262598425196
21
-1.1572790157480315
0
LINE
8
BLACK
6
CONTINUOUS
10
4.1225262598425196
20
-1.1572790157480315
11
4.1379492913385825
21
-1.164470905511811
0
LINE
8
BLACK
6
CONTINUOUS
10
4.1379492913385825
20
-1.164470905511811
11
4.1539404724409446
21
-1.1702912204724409
0
LINE
8
BLACK
6
CONTINUOUS
10
4.1539404724409446
20
-1.1702912204724409
11
4.1703780708661418
21
-1.1746956299212599
0
LINE
8
BLACK
6
CONTINUOUS
10
4.1703780708661418
20
-1.1746956299212599
11
4.187137007874016
21
-1.1776507086614172
0
LINE
8
BLACK
6
CONTINUOUS
10
4.187137007874016
20
-1.1776507086614172
11
4.2040896850393699
21
-1.1791338582677164
0
LINE
8
BLACK
6
CONTINUOUS
10
4.2040896850393699
20
-1.1791338582677164
11
4.2211071653543302
21
-1.1791338582677164
0
LINE
8
BLACK
6
CONTINUOUS
10
4.2211071653543302
20
-1.1791338582677164
11
4.2380598425196849
21
-1.1776507086614172
0
LINE
8
BLACK
6
CONTINUOUS
10
4.2380598425196849
20
-1.1776507086614172
11
4.2548187795275592
21
-1.1746956299212599
0
LINE
8
BLACK
6
CONTINUOUS
10
4.2548187795275592
20
-1.1746956299212599
11
4.2712563779527555
21
-1.1702912204724409
0
LINE
8
BLACK
6
CONTINUOUS
10
4.2712563779527555
20
-1.1702912204724409
11
4.2872475590551185
21
-1.164470905511811
0
LINE
8
BLACK
6
CONTINUOUS
10
4.2872475590551185
20
-1.164470905511811
11
4.3026705905511813
21
-1.1572790157480315
0
LINE
8
BLACK
6
CONTINUOUS
10
4.3026705905511813
20
-1.1572790157480315
11
4.3174081496062993
21
-1.1487702755905511
0
LINE
8
BLACK
6
CONTINUOUS
10
4.3174081496062993
20
-1.1487702755905511
11
4.3313480314960628
21
-1.1390094488188975
0
LINE
8
BLACK
6
CONTINUOUS
10
4.3313480314960628
20
-1.1390094488188975
11
4.3443841732283461
21
-1.1280708661417322
0
LINE
8
BLACK
6
CONTINUOUS
10
4.3443841732283461
20
-1.1280708661417322
11
4.3564173228346457
21
-1.1160377165354332
0
LINE
8
BLACK
6
CONTINUOUS
10
4.3564173228346457
20
-1.1160377165354332
11
4.3673559055118112
21
-1.1030015748031496
0
LINE
8
BLACK
6
CONTINUOUS
10
4.3673559055118112
20
-1.1030015748031496
11
4.3771167322834641
21
-1.0890616929133858
0
LINE
8
BLACK
6
CONTINUOUS
10
4.3771167322834641
20
-1.0890616929133858
11
4.3856254724409451
21
-1.0743241338582676
0
LINE
8
BLACK
6
CONTINUOUS
10
4.3856254724409451
20
-1.0743241338582676
11
4.392817362204724
21
-1.0589011023622048
0
LINE
8
BLACK
6
CONTINUOUS
10
4.392817362204724
20
-1.0589011023622048
11
4.3986376771653539
21
-1.0429099212598425
0
LINE
8
BLACK
6
CONTINUOUS
10
4.3986376771653539
20
-1.0429099212598425
11
4.4030420866141728
21
-1.0264723228346457
0
LINE
8
BLACK
6
CONTINUOUS
10
4.4030420866141728
20
-1.0264723228346457
11
4.4059971653543304
21
-1.0097133858267717
0
LINE
8
BLACK
6
CONTINUOUS
10
4.4059971653543304
20
-1.0097133858267717
11
4.4074803149606296
21
-0.9927607086614173
0
LINE
8
BLACK
6
CONTINUOUS
10
4.4074803149606296
20
-0.9927607086614173
11
4.4074803149606296
21
-0.984251968503937
0
LINE
8
BLACK
6
CONTINUOUS
10
4.4074803149606296
20
-0.984251968503937
11
4.4076301574803152
21
-0.9837907874015748
0
LINE
8
BLACK
6
CONTINUOUS
10
4.4076301574803152
20
-0.9837907874015748
11
4.4076301574803152
21
-0.9834986614173228
0
LINE
8
BLACK
6
CONTINUOUS
10
4.4076301574803152
20
-0.9834986614173228
11
4.4077707480314956
21
-0.9833580314960629
0
LINE
8
BLACK
6
CONTINUOUS
10
4.4077707480314956
20
-0.9833580314960629
11
4.4078562598425197
21
-0.9830949212598425
0
LINE
8
BLACK
6
CONTINUOUS
10
4.4078562598425197
20
-0.9830949212598425
11
4.4085058661417325
21
-0.9826229133858267
0
LINE
8
BLACK
6
CONTINUOUS
10
4.4085058661417325
20
-0.9826229133858267
11
4.4086955118110236
21
-0.9824333070866141
0
LINE
8
BLACK
6
CONTINUOUS
10
4.4086955118110236
20
-0.9824333070866141
11
4.4087937401574804
21
-0.9824137401574803
0
LINE
8
BLACK
6
CONTINUOUS
10
4.4087937401574804
20
-0.9824137401574803
11
4.4088405118110234
21
-0.9823798031496063
0
LINE
8
BLACK
6
CONTINUOUS
10
4.4088405118110234
20
-0.9823798031496063
11
4.4089644881889765
21
-0.9823798031496063
0
LINE
8
BLACK
6
CONTINUOUS
10
4.4089644881889765
20
-0.9823798031496063
11
4.409448818897638
21
-0.9822834645669292
0
LINE
8
BLACK
6
CONTINUOUS
10
4.409448818897638
20
-0.9822834645669292
11
4.8897637795275593
21
-0.9822834645669292
0
LINE
8
BLACK
6
CONTINUOUS
10
4.8897637795275593
20
-0.9822834645669292
11
7.4409448818897639
21
-0.9822834645669292
0
LINE
8
BLACK
6
CONTINUOUS
10
7.4409448818897639
20
-0.9822834645669292
11
7.448123267716535
21
-0.9829114960629921
0
LINE
8
BLACK
6
CONTINUOUS
10
7.448123267716535
20
-0.9829114960629921
11
7.4550835039370078
21
-0.9847764960629921
0
LINE
8
BLACK
6
CONTINUOUS
10
7.4550835039370078
20
-0.9847764960629921
11
7.4616141732283463
21
-0.9878217716535432
0
LINE
8
BLACK
6
CONTINUOUS
10
7.4616141732283463
20
-0.9878217716535432
11
7.4675168110236223
21
-0.991954842519685
0
LINE
8
BLACK
6
CONTINUOUS
10
7.4675168110236223
20
-0.991954842519685
11
7.4726120866141734
21
-0.9970501181102362
0
LINE
8
BLACK
6
CONTINUOUS
10
7.4726120866141734
20
-0.9970501181102362
11
7.4767451574803152
21
-1.0029527559055118
0
LINE
8
BLACK
6
CONTINUOUS
10
7.4767451574803152
20
-1.0029527559055118
11
7.4797904330708658
21
-1.0094834251968503
0
LINE
8
BLACK
6
CONTINUOUS
10
7.4797904330708658
20
-1.0094834251968503
11
7.4816554330708662
21
-1.0164436614173229
0
LINE
8
BLACK
6
CONTINUOUS
10
7.4816554330708662
20
-1.0164436614173229
11
7.4822834645669287
21
-1.0236220472440944
0
LINE
8
BLACK
6
CONTINUOUS
10
7.4822834645669287
20
-1.0236220472440944
11
7.4822834645669287
21
-1.1023622047244095
0
LINE
8
BLACK
6
CONTINUOUS
10
7.4822834645669287
20
-1.1023622047244095
11
7.4822834645669287
21
-1.1088845669291338
0
LINE
8
BLACK
6
CONTINUOUS
10
7.4822834645669287
20
-1.1088845669291338
11
7.4837440157480311
21
-1.1218473228346457
0
LINE
8
BLACK
6
CONTINUOUS
10
7.4837440157480311
20
-1.1218473228346457
11
7.4866467716535432
21
-1.134565
0
LINE
8
BLACK
6
CONTINUOUS
10
7.4866467716535432
20
-1.134565
11
7.4909551574803146
21
-1.1468777559055119
0
LINE
8
BLACK
6
CONTINUOUS
10
7.4909551574803146
20
-1.1468777559055119
11
7.4966150787401569
21
-1.1586306692913386
0
LINE
8
BLACK
6
CONTINUOUS
10
7.4966150787401569
20
-1.1586306692913386
11
7.5035553149606296
21
-1.1696759842519684
0
LINE
8
BLACK
6
CONTINUOUS
10
7.5035553149606296
20
-1.1696759842519684
11
7.5116885826771655
21
-1.1798748031496062
0
LINE
8
BLACK
6
CONTINUOUS
10
7.5116885826771655
20
-1.1798748031496062
11
7.5209125984251965
21
-1.1890988188976377
0
LINE
8
BLACK
6
CONTINUOUS
10
7.5209125984251965
20
-1.1890988188976377
11
7.5311114173228342
21
-1.1972320866141732
0
LINE
8
BLACK
6
CONTINUOUS
10
7.5311114173228342
20
-1.1972320866141732
11
7.5421567322834644
21
-1.2041723228346457
0
LINE
8
BLACK
6
CONTINUOUS
10
7.5421567322834644
20
-1.2041723228346457
11
7.5539096456692914
21
-1.2098322440944882
0
LINE
8
BLACK
6
CONTINUOUS
10
7.5539096456692914
20
-1.2098322440944882
11
7.5662224015748034
21
-1.2141406299212598
0
LINE
8
BLACK
6
CONTINUOUS
10
7.5662224015748034
20
-1.2141406299212598
11
7.5789400787401577
21
-1.2170433858267715
0
LINE
8
BLACK
6
CONTINUOUS
10
7.5789400787401577
20
-1.2170433858267715
11
7.5919028346456692
21
-1.2185039370078741
0
LINE
8
BLACK
6
CONTINUOUS
10
7.5919028346456692
20
-1.2185039370078741
11
7.5984251968503935
21
-1.2185039370078741
0
LINE
8
BLACK
6
CONTINUOUS
10
7.5984251968503935
20
-1.2185039370078741
11
7.6056035826771655
21
-1.219131968503937
0
LINE
8
BLACK
6
CONTINUOUS
10
7.6056035826771655
20
-1.219131968503937
11
7.6125638188976374
21
-1.220996968503937
0
LINE
8
BLACK
6
CONTINUOUS
10
7.6125638188976374
20
-1.220996968503937
11
7.6190944881889759
21
-1.2240422440944883
0
LINE
8
BLACK
6
CONTINUOUS
10
7.6190944881889759
20
-1.2240422440944883
11
7.6249971259842519
21
-1.2281753149606298
0
LINE
8
BLACK
6
CONTINUOUS
10
7.6249971259842519
20
-1.2281753149606298
11
7.6300924015748031
21
-1.2332705905511812
0
LINE
8
BLACK
6
CONTINUOUS
10
7.6300924015748031
20
-1.2332705905511812
11
7.6342254724409448
21
-1.2391732283464567
0
LINE
8
BLACK
6
CONTINUOUS
10
7.6342254724409448
20
-1.2391732283464567
11
7.6372707480314963
21
-1.2457038976377952
0
LINE
8
BLACK
6
CONTINUOUS
10
7.6372707480314963
20
-1.2457038976377952
11
7.6391357480314959
21
-1.2526641338582676
0
LINE
8
BLACK
6
CONTINUOUS
10
7.6391357480314959
20
-1.2526641338582676
11
7.6397637795275593
21
-1.2598425196850394
0
LINE
8
BLACK
6
CONTINUOUS
10
7.6397637795275593
20
-1.2598425196850394
11
7.6397637795275593
21
-5.0787401574803148
0
LINE
8
BLACK
6
CONTINUOUS
10
7.6397637795275593
20
-5.0787401574803148
11
7.6391357480314959
21
-5.0859185433070868
0
LINE
8
BLACK
6
CONTINUOUS
10
7.6391357480314959
20
-5.0859185433070868
11
7.6372707480314963
21
-5.0928787795275587
0
LINE
8
BLACK
6
CONTINUOUS
10
7.6372707480314963
20
-5.0928787795275587
11
7.6342254724409448
21
-5.0994094488188972
0
LINE
8
BLACK
6
CONTINUOUS
10
7.6342254724409448
20
-5.0994094488188972
11
7.6300924015748031
21
-5.1053120866141732
0
LINE
8
BLACK
6
CONTINUOUS
10
7.6300924015748031
20
-5.1053120866141732
11
7.6249971259842519
21
-5.1104073622047244
0
LINE
8
BLACK
6
CONTINUOUS
10
7.6249971259842519
20
-5.1104073622047244
11
7.6190944881889759
21
-5.1145404330708661
0
LINE
8
BLACK
6
CONTINUOUS
10
7.6190944881889759
20
-5.1145404330708661
11
7.6125638188976374
21
-5.1175857086614176
0
LINE
8
BLACK
6
CONTINUOUS
10
7.6125638188976374
20
-5.1175857086614176
11
7.6056035826771655
21
-5.1194507086614172
0
LINE
8
BLACK
6
CONTINUOUS
10
7.6056035826771655
20
-5.1194507086614172
11
7.5984251968503935
21
-5.1200787401574805
0
LINE
8
BLACK
6
CONTINUOUS
10
7.5984251968503935
20
-5.1200787401574805
11
7.5919028346456692
21
-5.1200787401574805
0
LINE
8
BLACK
6
CONTINUOUS
10
7.5919028346456692
20
-5.1200787401574805
11
7.5789400787401577
21
-5.1215392913385829
0
LINE
8
BLACK
6
CONTINUOUS
10
7.5789400787401577
20
-5.1215392913385829
11
7.5662224015748034
21
-5.1244420472440941
0
LINE
8
BLACK
6
CONTINUOUS
10
7.5662224015748034
20
-5.1244420472440941
11
7.5539096456692914
21
-5.1287504330708664
0
LINE
8
BLACK
6
CONTINUOUS
10
7.5539096456692914
20
-5.1287504330708664
11
7.5421567322834644
21
-5.1344103543307087
0
LINE
8
BLACK
6
CONTINUOUS
10
7.5421567322834644
20
-5.1344103543307087
11
7.5311114173228342
21
-5.1413505905511814
0
LINE
8
BLACK
6
CONTINUOUS
10
7.5311114173228342
20
-5.1413505905511814
11
7.5209125984251965
21
-5.1494838582677165
0
LINE
8
BLACK
6
CONTINUOUS
10
7.5209125984251965
20
-5.1494838582677165
11
7.5116885826771655
21
-5.1587078740157475
0
LINE
8
BLACK
6
CONTINUOUS
10
7.5116885826771655
20
-5.1587078740157475
11
7.5035553149606296
21
-5.168906692913386
0
LINE
8
BLACK
6
CONTINUOUS
10
7.5035553149606296
20
-5.168906692913386
11
7.4966150787401569
21
-5.1799520078740153
0
LINE
8
BLACK
6
CONTINUOUS
10
7.4966150787401569
20
-5.1799520078740153
11
7.4909551574803146
21
-5.1917049212598423
0
LINE
8
BLACK
6
CONTINUOUS
10
7.4909551574803146
20
-5.1917049212598423
11
7.4866467716535432
21
-5.2040176771653543
0
LINE
8
BLACK
6
CONTINUOUS
10
7.4866467716535432
20
-5.2040176771653543
11
7.4837440157480311
21
-5.2167353543307087
0
LINE
8
BLACK
6
CONTINUOUS
10
7.4837440157480311
20
-5.2167353543307087
11
7.4822834645669287
21
-5.2296981102362201
0
LINE
8
BLACK
6
CONTINUOUS
10
7.4822834645669287
20
-5.2296981102362201
11
7.4822834645669287
21
-5.2362204724409445
0
LINE
8
BLACK
6
CONTINUOUS
10
7.4822834645669287
20
-5.2362204724409445
11
7.4822834645669287
21
-5.3149606299212593
0
LINE
8
BLACK
6
CONTINUOUS
10
7.4822834645669287
20
-5.3149606299212593
11
7.4816554330708662
21
-5.3221390157480313
0
LINE
8
BLACK
6
CONTINUOUS
10
7.4816554330708662
20
-5.3221390157480313
11
7.4797904330708658
21
-5.3290992519685041
0
LINE
8
BLACK
6
CONTINUOUS
10
7.4797904330708658
20
-5.3290992519685041
11
7.4767451574803152
21
-5.3356299212598426
0
LINE
8
BLACK
6
CONTINUOUS
10
7.4767451574803152
20
-5.3356299212598426
11
7.4726120866141734
21
-5.3415325590551177
0
LINE
8
BLACK
6
CONTINUOUS
10
7.4726120866141734
20
-5.3415325590551177
11
7.4675168110236223
21
-5.3466278346456688
0
LINE
8
BLACK
6
CONTINUOUS
10
7.4675168110236223
20
-5.3466278346456688
11
7.4616141732283463
21
-5.3507609055118106
0
LINE
8
BLACK
6
CONTINUOUS
10
7.4616141732283463
20
-5.3507609055118106
11
7.4550835039370078
21
-5.3538061811023621
0
LINE
8
BLACK
6
CONTINUOUS
10
7.4550835039370078
20
-5.3538061811023621
11
7.448123267716535
21
-5.3556711811023625
0
LINE
8
BLACK
6
CONTINUOUS
10
7.448123267716535
20
-5.3556711811023625
11
7.4409448818897639
21
-5.356299212598425
0
LINE
8
BLACK
6
CONTINUOUS
10
7.4409448818897639
20
-5.356299212598425
11
4.409448818897638
21
-5.356299212598425
0
LINE
8
BLACK
6
CONTINUOUS
10
4.409448818897638
20
-5.356299212598425
11
0.984251968503937
21
-5.356299212598425
0
LINE
8
BLACK
6
CONTINUOUS
10
0.984251968503937
20
-5.356299212598425
11
0.9770735826771654
21
-5.3556711811023625
0
LINE
8
BLACK
6
CONTINUOUS
10
0.9770735826771654
20
-5.3556711811023625
11
0.9701133464566929
21
-5.3538061811023621
0
LINE
8
BLACK
6
CONTINUOUS
10
0.9701133464566929
20
-5.3538061811023621
11
0.9635826771653543
21
-5.3507609055118106
0
LINE
8
BLACK
6
CONTINUOUS
10
0.9635826771653543
20
-5.3507609055118106
11
0.9576800393700787
21
-5.3466278346456688
0
LINE
8
BLACK
6
CONTINUOUS
10
0.9576800393700787
20
-5.3466278346456688
11
0.9525847637795275
21
-5.3415325590551177
0
LINE
8
BLACK
6
CONTINUOUS
10
0.9525847637795275
20
-5.3415325590551177
11
0.9484516929133858
21
-5.3356299212598426
0
LINE
8
BLACK
6
CONTINUOUS
10
0.9484516929133858
20
-5.3356299212598426
11
0.9454064173228346
21
-5.3290992519685041
0
LINE
8
BLACK
6
CONTINUOUS
10
0.9454064173228346
20
-5.3290992519685041
11
0.9435414173228346
21
-5.3221390157480313
0
LINE
8
BLACK
6
CONTINUOUS
10
0.9435414173228346
20
-5.3221390157480313
11
0.9429133858267716
21
-5.3149606299212593
0
LINE
8
BLACK
6
CONTINUOUS
10
0.9429133858267716
20
-5.3149606299212593
11
0.9429133858267716
21
-5.2362204724409445
0
LINE
8
BLACK
6
CONTINUOUS
10
0.9429133858267716
20
-5.2362204724409445
11
0.9429133858267716
21
-5.2296981102362201
0
LINE
8
BLACK
6
CONTINUOUS
10
0.9429133858267716
20
-5.2296981102362201
11
0.9414528346456693
21
-5.2167353543307087
0
LINE
8
BLACK
6
CONTINUOUS
10
0.9414528346456693
20
-5.2167353543307087
11
0.9385500787401575
21
-5.2040176771653543
0
LINE
8
BLACK
6
CONTINUOUS
10
0.9385500787401575
20
-5.2040176771653543
11
0.9342416929133858
21
-5.1917049212598423
0
LINE
8
BLACK
6
CONTINUOUS
10
0.9342416929133858
20
-5.1917049212598423
11
0.9285817716535433
21
-5.1799520078740153
0
LINE
8
BLACK
6
CONTINUOUS
10
0.9285817716535433
20
-5.1799520078740153
11
0.9216415354330708
21
-5.168906692913386
0
LINE
8
BLACK
6
CONTINUOUS
10
0.9216415354330708
20
-5.168906692913386
11
0.9135082677165354
21
-5.1587078740157475
0
LINE
8
BLACK
6
CONTINUOUS
10
0.9135082677165354
20
-5.1587078740157475
11
0.9042842519685039
21
-5.1494838582677165
0
LINE
8
BLACK
6
CONTINUOUS
10
0.9042842519685039
20
-5.1494838582677165
11
0.8940854330708661
21
-5.1413505905511814
0
LINE
8
BLACK
6
CONTINUOUS
10
0.8940854330708661
20
-5.1413505905511814
11
0.8830401181102362
21
-5.1344103543307087
0
LINE
8
BLACK
6
CONTINUOUS
10
0.8830401181102362
20
-5.1344103543307087
11
0.8712872047244095
21
-5.1287504330708664
0
LINE
8
BLACK
6
CONTINUOUS
10
0.8712872047244095
20
-5.1287504330708664
11
0.8589744488188976
21
-5.1244420472440941
0
LINE
8
BLACK
6
CONTINUOUS
10
0.8589744488188976
20
-5.1244420472440941
11
0.8462567716535433
21
-5.1215392913385829
0
LINE
8
BLACK
6
CONTINUOUS
10
0.8462567716535433
20
-5.1215392913385829
11
0.8332940157480315
21
-5.1200787401574805
0
LINE
8
BLACK
6
CONTINUOUS
10
0.8332940157480315
20
-5.1200787401574805
11
0.8267716535433071
21
-5.1200787401574805
0
LINE
8
BLACK
6
CONTINUOUS
10
0.8267716535433071
20
-5.1200787401574805
11
0.8195932677165354
21
-5.1194507086614172
0
LINE
8
BLACK
6
CONTINUOUS
10
0.8195932677165354
20
-5.1194507086614172
11
0.8126330314960629
21
-5.1175857086614176
0
LINE
8
BLACK
6
CONTINUOUS
10
0.8126330314960629
20
-5.1175857086614176
11
0.8061023622047244
21
-5.1145404330708661
0
LINE
8
BLACK
6
CONTINUOUS
10
0.8061023622047244
20
-5.1145404330708661
11
0.8001997244094488
21
-5.1104073622047244
0
LINE
8
BLACK
6
CONTINUOUS
10
0.8001997244094488
20
-5.1104073622047244
11
0.7951044488188976
21
-5.1053120866141732
0
LINE
8
BLACK
6
CONTINUOUS
10
0.7951044488188976
20
-5.1053120866141732
11
0.7909713779527558
21
-5.0994094488188972
0
LINE
8
BLACK
6
CONTINUOUS
10
0.7909713779527558
20
-5.0994094488188972
11
0.7879261023622047
21
-5.0928787795275587
0
LINE
8
BLACK
6
CONTINUOUS
10
0.7879261023622047
20
-5.0928787795275587
11
0.7860611023622047
21
-5.0859185433070868
0
LINE
8
BLACK
6
CONTINUOUS
10
0.7860611023622047
20
-5.0859185433070868
11
0.7854330708661417
21
-5.0787401574803148
0
LINE
8
BLACK
6
CONTINUOUS
10
0.7854330708661417
20
-5.0787401574803148
11
0.7854330708661417
21
-1.2598425196850394
0
LINE
8
BLACK
6
CONTINUOUS
10
0.7854330708661417
20
-1.2598425196850394
11
0.7860611023622047
21
-1.2526641338582676
0
LINE
8
BLACK
6
CONTINUOUS
10
0.7860611023622047
20
-1.2526641338582676
11
0.7879261023622047
21
-1.2457038976377952
0
LINE
8
BLACK
6
CONTINUOUS
10
0.7879261023622047
20
-1.2457038976377952
11
0.7909713779527558
21
-1.2391732283464567
0
LINE
8
BLACK
6
CONTINUOUS
10
0.7909713779527558
20
-1.2391732283464567
11
0.7951044488188976
21
-1.2332705905511812
0
LINE
8
BLACK
6
CONTINUOUS
10
0.7951044488188976
20
-1.2332705905511812
11
0.8001997244094488
21
-1.2281753149606298
0
LINE
8
BLACK
6
CONTINUOUS
10
0.8001997244094488
20
-1.2281753149606298
11
0.8061023622047244
21
-1.2240422440944883
0
LINE
8
BLACK
6
CONTINUOUS
10
0.8061023622047244
20
-1.2240422440944883
11
0.8126330314960629
21
-1.220996968503937
0
LINE
8
BLACK
6
CONTINUOUS
10
0.8126330314960629
20
-1.220996968503937
11
0.8195932677165354
21
-1.219131968503937
0
LINE
8
BLACK
6
CONTINUOUS
10
0.8195932677165354
20
-1.219131968503937
11
0.8267716535433071
21
-1.2185039370078741
0
LINE
8
BLACK
6
CONTINUOUS
10
0.8267716535433071
20
-1.2185039370078741
11
0.8332940157480315
21
-1.2185039370078741
0
LINE
8
BLACK
6
CONTINUOUS
10
0.8332940157480315
20
-1.2185039370078741
11
0.8462567716535433
21
-1.2170433858267715
0
LINE
8
BLACK
6
CONTINUOUS
10
0.8462567716535433
20
-1.2170433858267715
11
0.8589744488188976
21
-1.2141406299212598
0
LINE
8
BLACK
6
CONTINUOUS
10
0.8589744488188976
20
-1.2141406299212598
11
0.8712872047244095
21
-1.2098322440944882
0
LINE
8
BLACK
6
CONTINUOUS
10
0.8712872047244095
20
-1.2098322440944882
11
0.8830401181102362
21
-1.2041723228346457
0
LINE
8
BLACK
6
CONTINUOUS
10
0.8830401181102362
20
-1.2041723228346457
11
0.8940854330708661
21
-1.1972320866141732
0
LINE
8
BLACK
6
CONTINUOUS
10
0.8940854330708661
20
-1.1972320866141732
11
0.9042842519685039
21
-1.1890988188976377
0
LINE
8
BLACK
6
CONTINUOUS
10
0.9042842519685039
20
-1.1890988188976377
11
0.9135082677165354
21
-1.1798748031496062
0
LINE
8
BLACK
6
CONTINUOUS
10
0.9135082677165354
20
-1.1798748031496062
11
0.9216415354330708
21
-1.1696759842519684
0
LINE
8
BLACK
6
CONTINUOUS
10
0.9216415354330708
20
-1.1696759842519684
11
0.9285817716535433
21
-1.1586306692913386
0
LINE
8
BLACK
6
CONTINUOUS
10
0.9285817716535433
20
-1.1586306692913386
11
0.9342416929133858
21
-1.1468777559055119
0
LINE
8
BLACK
6
CONTINUOUS
10
0.9342416929133858
20
-1.1468777559055119
11
0.9385500787401575
21
-1.134565
0
LINE
8
BLACK
6
CONTINUOUS
10
0.9385500787401575
20
-1.134565
11
0.9414528346456693
21
-1.1218473228346457
0
LINE
8
BLACK
6
CONTINUOUS
10
0.9414528346456693
20
-1.1218473228346457
11
0.9429133858267716
21
-1.1088845669291338
0
LINE
8
BLACK
6
CONTINUOUS
10
0.9429133858267716
20
-1.1088845669291338
11
0.9429133858267716
21
-1.1023622047244095
0
LINE
8
BLACK
6
CONTINUOUS
10
0.9429133858267716
20
-1.1023622047244095
11
0.9429133858267716
21
-1.0236220472440944
0
LINE
8
BLACK
6
CONTINUOUS
10
0.9429133858267716
20
-1.0236220472440944
11
0.9435414173228346
21
-1.0164436614173229
0
LINE
8
BLACK
6
CONTINUOUS
10
0.9435414173228346
20
-1.0164436614173229
11
0.9454064173228346
21
-1.0094834251968503
0
LINE
8
BLACK
6
CONTINUOUS
10
0.9454064173228346
20
-1.0094834251968503
11
0.9484516929133858
21
-1.0029527559055118
0
LINE
8
BLACK
6
CONTINUOUS
10
0.9484516929133858
20
-1.0029527559055118
11
0.9525847637795275
21
-0.9970501181102362
0
LINE
8
BLACK
6
CONTINUOUS
10
0.9525847637795275
20
-0.9970501181102362
11
0.9576800393700787
21
-0.991954842519685
0
LINE
8
BLACK
6
CONTINUOUS
10
0.9576800393700787
20
-0.991954842519685
11
0.9635826771653543
21
-0.9878217716535432
0
LINE
8
BLACK
6
CONTINUOUS
10
0.9635826771653543
20
-0.9878217716535432
11
0.9701133464566929
21
-0.9847764960629921
0
LINE
8
BLACK
6
CONTINUOUS
10
0.9701133464566929
20
-0.9847764960629921
11
0.9770735826771654
21
-0.9829114960629921
0
LINE
8
BLACK
6
CONTINUOUS
10
0.9770735826771654
20
-0.9829114960629921
11
0.984251968503937
21
-0.9822834645669292
0
LINE
8
BLACK
6
CONTINUOUS
10
0.984251968503937
20
-0.9822834645669292
11
3.7086614173228347
21
-0.9822834645669292
0
LINE
8
BLACK
6
CONTINUOUS
10
0.984251968503937
20
-0.9862204724409449
11
0.9809797637795276
21
-0.9862204724409449
0
LINE
8
BLACK
6
CONTINUOUS
10
0.9809797637795276
20
-0.9862204724409449
11
0.9745347637795275
21
-0.9873568897637796
0
LINE
8
BLACK
6
CONTINUOUS
10
0.9745347637795275
20
-0.9873568897637796
11
0.9683849999999999
21
-0.9895952362204724
0
LINE
8
BLACK
6
CONTINUOUS
10
0.9683849999999999
20
-0.9895952362204724
11
0.9627173622047244
21
-0.9928674409448819
0
LINE
8
BLACK
6
CONTINUOUS
10
0.9627173622047244
20
-0.9928674409448819
11
0.9577040157480314
21
-0.997074094488189
0
LINE
8
BLACK
6
CONTINUOUS
10
0.9577040157480314
20
-0.997074094488189
11
0.9534973622047244
21
-1.0020874409448819
0
LINE
8
BLACK
6
CONTINUOUS
10
0.9534973622047244
20
-1.0020874409448819
11
0.9502251574803149
21
-1.0077550787401575
0
LINE
8
BLACK
6
CONTINUOUS
10
0.9502251574803149
20
-1.0077550787401575
11
0.947986811023622
21
-1.013904842519685
0
LINE
8
BLACK
6
CONTINUOUS
10
0.947986811023622
20
-1.013904842519685
11
0.9468503937007874
21
-1.0203498425196851
0
LINE
8
BLACK
6
CONTINUOUS
10
0.9468503937007874
20
-1.0203498425196851
11
0.9468503937007874
21
-1.0236220472440944
0
LINE
8
BLACK
6
CONTINUOUS
10
0.9468503937007874
20
-1.0236220472440944
11
0.9468503937007874
21
-1.1023622047244095
0
LINE
8
BLACK
6
CONTINUOUS
10
0.9468503937007874
20
-1.1023622047244095
11
0.9461925984251969
21
-1.1149138582677165
0
LINE
8
BLACK
6
CONTINUOUS
10
0.9461925984251969
20
-1.1149138582677165
11
0.9442263779527559
21
-1.1273279921259842
0
LINE
8
BLACK
6
CONTINUOUS
10
0.9442263779527559
20
-1.1273279921259842
11
0.9409733070866142
21
-1.1394685826771653
0
LINE
8
BLACK
6
CONTINUOUS
10
0.9409733070866142
20
-1.1394685826771653
11
0.9364690551181102
21
-1.1512026377952755
0
LINE
8
BLACK
6
CONTINUOUS
10
0.9364690551181102
20
-1.1512026377952755
11
0.930762874015748
21
-1.1624015748031495
0
LINE
8
BLACK
6
CONTINUOUS
10
0.930762874015748
20
-1.1624015748031495
11
0.9239174015748032
21
-1.1729427165354331
0
LINE
8
BLACK
6
CONTINUOUS
10
0.9239174015748032
20
-1.1729427165354331
11
0.9160075590551181
21
-1.1827105511811022
0
LINE
8
BLACK
6
CONTINUOUS
10
0.9160075590551181
20
-1.1827105511811022
11
0.9071199999999999
21
-1.1915981102362205
0
LINE
8
BLACK
6
CONTINUOUS
10
0.9071199999999999
20
-1.1915981102362205
11
0.8973521653543307
21
-1.1995079527559054
0
LINE
8
BLACK
6
CONTINUOUS
10
0.8973521653543307
20
-1.1995079527559054
11
0.8868110236220472
21
-1.2063534251968504
0
LINE
8
BLACK
6
CONTINUOUS
10
0.8868110236220472
20
-1.2063534251968504
11
0.8756120866141732
21
-1.2120596062992126
0
LINE
8
BLACK
6
CONTINUOUS
10
0.8756120866141732
20
-1.2120596062992126
11
0.863878031496063
21
-1.2165638582677165
0
LINE
8
BLACK
6
CONTINUOUS
10
0.863878031496063
20
-1.2165638582677165
11
0.8517374409448819
21
-1.2198169291338583
0
LINE
8
BLACK
6
CONTINUOUS
10
0.8517374409448819
20
-1.2198169291338583
11
0.8393233070866142
21
-1.2217831496062992
0
LINE
8
BLACK
6
CONTINUOUS
10
0.8393233070866142
20
-1.2217831496062992
11
0.8267716535433071
21
-1.2224409448818898
0
LINE
8
BLACK
6
CONTINUOUS
10
0.8267716535433071
20
-1.2224409448818898
11
0.8234994488188976
21
-1.2224409448818898
0
LINE
8
BLACK
6
CONTINUOUS
10
0.8234994488188976
20
-1.2224409448818898
11
0.8170544488188977
21
-1.2235773622047244
0
LINE
8
BLACK
6
CONTINUOUS
10
0.8170544488188977
20
-1.2235773622047244
11
0.8109046850393701
21
-1.2258157086614172
0
LINE
8
BLACK
6
CONTINUOUS
10
0.8109046850393701
20
-1.2258157086614172
11
0.8052370472440945
21
-1.2290879133858268
0
LINE
8
BLACK
6
CONTINUOUS
10
0.8052370472440945
20
-1.2290879133858268
11
0.8002237007874016
21
-1.2332945669291338
0
LINE
8
BLACK
6
CONTINUOUS
10
0.8002237007874016
20
-1.2332945669291338
11
0.7960170472440945
21
-1.2383079133858268
0
LINE
8
BLACK
6
CONTINUOUS
10
0.7960170472440945
20
-1.2383079133858268
11
0.792744842519685
21
-1.2439755511811024
0
LINE
8
BLACK
6
CONTINUOUS
10
0.792744842519685
20
-1.2439755511811024
11
0.7905064960629921
21
-1.25012531496063
0
LINE
8
BLACK
6
CONTINUOUS
10
0.7905064960629921
20
-1.25012531496063
11
0.7893700787401574
21
-1.25657031496063
0
LINE
8
BLACK
6
CONTINUOUS
10
0.7893700787401574
20
-1.25657031496063
11
0.7893700787401574
21
-1.2598425196850394
0
LINE
8
BLACK
6
CONTINUOUS
10
0.7893700787401574
20
-1.2598425196850394
11
0.7893700787401574
21
-5.0787401574803148
0
LINE
8
BLACK
6
CONTINUOUS
10
0.7893700787401574
20
-5.0787401574803148
11
0.7893700787401574
21
-5.0820123622047246
0
LINE
8
BLACK
6
CONTINUOUS
10
0.7893700787401574
20
-5.0820123622047246
11
0.7905064960629921
21
-5.088457362204724
0
LINE
8
BLACK
6
CONTINUOUS
10
0.7905064960629921
20
-5.088457362204724
11
0.792744842519685
21
-5.0946071259842522
0
LINE
8
BLACK
6
CONTINUOUS
10
0.792744842519685
20
-5.0946071259842522
11
0.7960170472440945
21
-5.1002747637795274
0
LINE
8
BLACK
6
CONTINUOUS
10
0.7960170472440945
20
-5.1002747637795274
11
0.8002237007874016
21
-5.10528811023622
0
LINE
8
BLACK
6
CONTINUOUS
10
0.8002237007874016
20
-5.10528811023622
11
0.8052370472440945
21
-5.1094947637795274
0
LINE
8
BLACK
6
CONTINUOUS
10
0.8052370472440945
20
-5.1094947637795274
11
0.8109046850393701
21
-5.1127669685039372
0
LINE
8
BLACK
6
CONTINUOUS
10
0.8109046850393701
20
-5.1127669685039372
11
0.8170544488188977
21
-5.11500531496063
0
LINE
8
BLACK
6
CONTINUOUS
10
0.8170544488188977
20
-5.11500531496063
11
0.8234994488188976
21
-5.1161417322834648
0
LINE
8
BLACK
6
CONTINUOUS
10
0.8234994488188976
20
-5.1161417322834648
11
0.8267716535433071
21
-5.1161417322834648
0
LINE
8
BLACK
6
CONTINUOUS
10
0.8267716535433071
20
-5.1161417322834648
11
0.8393233070866142
21
-5.1167995275590554
0
LINE
8
BLACK
6
CONTINUOUS
10
0.8393233070866142
20
-5.1167995275590554
11
0.8517374409448819
21
-5.1187657480314961
0
LINE
8
BLACK
6
CONTINUOUS
10
0.8517374409448819
20
-5.1187657480314961
11
0.863878031496063
21
-5.1220188188976374
0
LINE
8
BLACK
6
CONTINUOUS
10
0.863878031496063
20
-5.1220188188976374
11
0.8756120866141732
21
-5.126523070866142
0
LINE
8
BLACK
6
CONTINUOUS
10
0.8756120866141732
20
-5.126523070866142
11
0.8868110236220472
21
-5.1322292519685035
0
LINE
8
BLACK
6
CONTINUOUS
10
0.8868110236220472
20
-5.1322292519685035
11
0.8973521653543307
21
-5.1390747244094488
0
LINE
8
BLACK
6
CONTINUOUS
10
0.8973521653543307
20
-5.1390747244094488
11
0.9071199999999999
21
-5.1469845669291336
0
LINE
8
BLACK
6
CONTINUOUS
10
0.9071199999999999
20
-5.1469845669291336
11
0.9160075590551181
21
-5.1558721259842519
0
LINE
8
BLACK
6
CONTINUOUS
10
0.9160075590551181
20
-5.1558721259842519
11
0.9239174015748032
21
-5.165639960629921
0
LINE
8
BLACK
6
CONTINUOUS
10
0.9239174015748032
20
-5.165639960629921
11
0.930762874015748
21
-5.1761811023622046
0
LINE
8
BLACK
6
CONTINUOUS
10
0.930762874015748
20
-5.1761811023622046
11
0.9364690551181102
21
-5.1873800393700789
0
LINE
8
BLACK
6
CONTINUOUS
10
0.9364690551181102
20
-5.1873800393700789
11
0.9409733070866142
21
-5.1991140944881886
0
LINE
8
BLACK
6
CONTINUOUS
10
0.9409733070866142
20
-5.1991140944881886
11
0.9442263779527559
21
-5.2112546850393704
0
LINE
8
BLACK
6
CONTINUOUS
10
0.9442263779527559
20
-5.2112546850393704
11
0.9461925984251969
21
-5.2236688188976377
0
LINE
8
BLACK
6
CONTINUOUS
10
0.9461925984251969
20
-5.2236688188976377
11
0.9468503937007874
21
-5.2362204724409445
0
LINE
8
BLACK
6
CONTINUOUS
10
0.9468503937007874
20
-5.2362204724409445
11
0.9468503937007874
21
-5.3149606299212593
0
LINE
8
BLACK
6
CONTINUOUS
10
0.9468503937007874
20
-5.3149606299212593
11
0.9468503937007874
21
-5.3182328346456691
0
LINE
8
BLACK
6
CONTINUOUS
10
0.9468503937007874
20
-5.3182328346456691
11
0.947986811023622
21
-5.3246778346456693
0
LINE
8
BLACK
6
CONTINUOUS
10
0.947986811023622
20
-5.3246778346456693
11
0.9502251574803149
21
-5.3308275984251967
0
LINE
8
BLACK
6
CONTINUOUS
10
0.9502251574803149
20
-5.3308275984251967
11
0.9534973622047244
21
-5.3364952362204727
0
LINE
8
BLACK
6
CONTINUOUS
10
0.9534973622047244
20
-5.3364952362204727
11
0.9577040157480314
21
-5.3415085826771653
0
LINE
8
BLACK
6
CONTINUOUS
10
0.9577040157480314
20
-5.3415085826771653
11
0.9627173622047244
21
-5.3457152362204727
0
LINE
8
BLACK
6
CONTINUOUS
10
0.9627173622047244
20
-5.3457152362204727
11
0.9683849999999999
21
-5.3489874409448817
0
LINE
8
BLACK
6
CONTINUOUS
10
0.9683849999999999
20
-5.3489874409448817
11
0.9745347637795275
21
-5.3512257874015745
0
LINE
8
BLACK
6
CONTINUOUS
10
0.9745347637795275
20
-5.3512257874015745
11
0.9809797637795276
21
-5.3523622047244093
0
LINE
8
BLACK
6
CONTINUOUS
10
0.9809797637795276
20
-5.3523622047244093
11
0.984251968503937
21
-5.3523622047244093
0
LINE
8
BLACK
6
CONTINUOUS
10
0.984251968503937
20
-5.3523622047244093
11
4.409448818897638
21
-5.3523622047244093
0
LINE
8
BLACK
6
CONTINUOUS
10
4.409448818897638
20
-5.3523622047244093
11
7.4409448818897639
21
-5.3523622047244093
0
LINE
8
BLACK
6
CONTINUOUS
10
7.4409448818897639
20
-5.3523622047244093
11
7.4442170866141728
21
-5.3523622047244093
0
LINE
8
BLACK
6
CONTINUOUS
10
7.4442170866141728
20
-5.3523622047244093
11
7.4506620866141731
21
-5.3512257874015745
0
LINE
8
BLACK
6
CONTINUOUS
10
7.4506620866141731
20
-5.3512257874015745
11
7.4568118503937004
21
-5.3489874409448817
0
LINE
8
BLACK
6
CONTINUOUS
10
7.4568118503937004
20
-5.3489874409448817
11
7.4624794881889764
21
-5.3457152362204727
0
LINE
8
BLACK
6
CONTINUOUS
10
7.4624794881889764
20
-5.3457152362204727
11
7.467492834645669
21
-5.3415085826771653
0
LINE
8
BLACK
6
CONTINUOUS
10
7.467492834645669
20
-5.3415085826771653
11
7.4716994881889764
21
-5.3364952362204727
0
LINE
8
BLACK
6
CONTINUOUS
10
7.4716994881889764
20
-5.3364952362204727
11
7.4749716929133854
21
-5.3308275984251967
0
LINE
8
BLACK
6
CONTINUOUS
10
7.4749716929133854
20
-5.3308275984251967
11
7.4772100393700782
21
-5.3246778346456693
0
LINE
8
BLACK
6
CONTINUOUS
10
7.4772100393700782
20
-5.3246778346456693
11
7.478346456692913
21
-5.3182328346456691
0
LINE
8
BLACK
6
CONTINUOUS
10
7.478346456692913
20
-5.3182328346456691
11
7.478346456692913
21
-5.3149606299212593
0
LINE
8
BLACK
6
CONTINUOUS
10
7.478346456692913
20
-5.3149606299212593
11
7.478346456692913
21
-5.2362204724409445
0
LINE
8
BLACK
6
CONTINUOUS
10
7.478346456692913
20
-5.2362204724409445
11
7.4790042519685036
21
-5.2236688188976377
0
LINE
8
BLACK
6
CONTINUOUS
10
7.4790042519685036
20
-5.2236688188976377
11
7.4809704724409452
21
-5.2112546850393704
0
LINE
8
BLACK
6
CONTINUOUS
10
7.4809704724409452
20
-5.2112546850393704
11
7.4842235433070865
21
-5.1991140944881886
0
LINE
8
BLACK
6
CONTINUOUS
10
7.4842235433070865
20
-5.1991140944881886
11
7.4887277952755902
21
-5.1873800393700789
0
LINE
8
BLACK
6
CONTINUOUS
10
7.4887277952755902
20
-5.1873800393700789
11
7.4944339763779526
21
-5.1761811023622046
0
LINE
8
BLACK
6
CONTINUOUS
10
7.4944339763779526
20
-5.1761811023622046
11
7.5012794488188979
21
-5.165639960629921
0
LINE
8
BLACK
6
CONTINUOUS
10
7.5012794488188979
20
-5.165639960629921
11
7.5091892913385827
21
-5.1558721259842519
0
LINE
8
BLACK
6
CONTINUOUS
10
7.5091892913385827
20
-5.1558721259842519
11
7.518076850393701
21
-5.1469845669291336
0
LINE
8
BLACK
6
CONTINUOUS
10
7.518076850393701
20
-5.1469845669291336
11
7.5278446850393701
21
-5.1390747244094488
0
LINE
8
BLACK
6
CONTINUOUS
10
7.5278446850393701
20
-5.1390747244094488
11
7.5383858267716537
21
-5.1322292519685035
0
LINE
8
BLACK
6
CONTINUOUS
10
7.5383858267716537
20
-5.1322292519685035
11
7.549584763779527
21
-5.126523070866142
0
LINE
8
BLACK
6
CONTINUOUS
10
7.549584763779527
20
-5.126523070866142
11
7.5613188188976377
21
-5.1220188188976374
0
LINE
8
BLACK
6
CONTINUOUS
10
7.5613188188976377
20
-5.1220188188976374
11
7.5734594094488186
21
-5.1187657480314961
0
LINE
8
BLACK
6
CONTINUOUS
10
7.5734594094488186
20
-5.1187657480314961
11
7.5858735433070867
21
-5.1167995275590554
0
LINE
8
BLACK
6
CONTINUOUS
10
7.5858735433070867
20
-5.1167995275590554
11
7.5984251968503935
21
-5.1161417322834648
0
LINE
8
BLACK
6
CONTINUOUS
10
7.5984251968503935
20
-5.1161417322834648
11
7.6016974015748033
21
-5.1161417322834648
0
LINE
8
BLACK
6
CONTINUOUS
10
7.6016974015748033
20
-5.1161417322834648
11
7.6081424015748027
21
-5.11500531496063
0
LINE
8
BLACK
6
CONTINUOUS
10
7.6081424015748027
20
-5.11500531496063
11
7.614292165354331
21
-5.1127669685039372
0
LINE
8
BLACK
6
CONTINUOUS
10
7.614292165354331
20
-5.1127669685039372
11
7.6199598031496061
21
-5.1094947637795274
0
LINE
8
BLACK
6
CONTINUOUS
10
7.6199598031496061
20
-5.1094947637795274
11
7.6249731496062987
21
-5.10528811023622
0
LINE
8
BLACK
6
CONTINUOUS
10
7.6249731496062987
20
-5.10528811023622
11
7.6291798031496061
21
-5.1002747637795274
0
LINE
8
BLACK
6
CONTINUOUS
10
7.6291798031496061
20
-5.1002747637795274
11
7.6324520078740159
21
-5.0946071259842522
0
LINE
8
BLACK
6
CONTINUOUS
10
7.6324520078740159
20
-5.0946071259842522
11
7.6346903543307088
21
-5.088457362204724
0
LINE
8
BLACK
6
CONTINUOUS
10
7.6346903543307088
20
-5.088457362204724
11
7.6358267716535435
21
-5.0820123622047246
0
LINE
8
BLACK
6
CONTINUOUS
10
7.6358267716535435
20
-5.0820123622047246
11
7.6358267716535435
21
-5.0787401574803148
0
LINE
8
BLACK
6
CONTINUOUS
10
7.6358267716535435
20
-5.0787401574803148
11
7.6358267716535435
21
-1.2598425196850394
0
LINE
8
BLACK
6
CONTINUOUS
10
7.6358267716535435
20
-1.2598425196850394
11
7.6358267716535435
21
-1.25657031496063
0
LINE
8
BLACK
6
CONTINUOUS
10
7.6358267716535435
20
-1.25657031496063
11
7.6346903543307088
21
-1.25012531496063
0
LINE
8
BLACK
6
CONTINUOUS
10
7.6346903543307088
20
-1.25012531496063
11
7.6324520078740159
21
-1.2439755511811024
0
LINE
8
BLACK
6
CONTINUOUS
10
7.6324520078740159
20
-1.2439755511811024
11
7.6291798031496061
21
-1.2383079133858268
0
LINE
8
BLACK
6
CONTINUOUS
10
7.6291798031496061
20
-1.2383079133858268
11
7.6249731496062987
21
-1.2332945669291338
0
LINE
8
BLACK
6
CONTINUOUS
10
7.6249731496062987
20
-1.2332945669291338
11
7.6199598031496061
21
-1.2290879133858268
0
LINE
8
BLACK
6
CONTINUOUS
10
7.6199598031496061
20
-1.2290879133858268
11
7.614292165354331
21
-1.2258157086614172
0
LINE
8
BLACK
6
CONTINUOUS
10
7.614292165354331
20
-1.2258157086614172
11
7.6081424015748027
21
-1.2235773622047244
0
LINE
8
BLACK
6
CONTINUOUS
10
7.6081424015748027
20
-1.2235773622047244
11
7.6016974015748033
21
-1.2224409448818898
0
LINE
8
BLACK
6
CONTINUOUS
10
7.6016974015748033
20
-1.2224409448818898
11
7.5984251968503935
21
-1.2224409448818898
0
LINE
8
BLACK
6
CONTINUOUS
10
7.5984251968503935
20
-1.2224409448818898
11
7.5858735433070867
21
-1.2217831496062992
0
LINE
8
BLACK
6
CONTINUOUS
10
7.5858735433070867
20
-1.2217831496062992
11
7.5734594094488186
21
-1.2198169291338583
0
LINE
8
BLACK
6
CONTINUOUS
10
7.5734594094488186
20
-1.2198169291338583
11
7.5613188188976377
21
-1.2165638582677165
0
LINE
8
BLACK
6
CONTINUOUS
10
7.5613188188976377
20
-1.2165638582677165
11
7.549584763779527
21
-1.2120596062992126
0
LINE
8
BLACK
6
CONTINUOUS
10
7.549584763779527
20
-1.2120596062992126
11
7.5383858267716537
21
-1.2063534251968504
0
LINE
8
BLACK
6
CONTINUOUS
10
7.5383858267716537
20
-1.2063534251968504
11
7.5278446850393701
21
-1.1995079527559054
0
LINE
8
BLACK
6
CONTINUOUS
10
7.5278446850393701
20
-1.1995079527559054
11
7.518076850393701
21
-1.1915981102362205
0
LINE
8
BLACK
6
CONTINUOUS
10
7.518076850393701
20
-1.1915981102362205
11
7.5091892913385827
21
-1.1827105511811022
0
LINE
8
BLACK
6
CONTINUOUS
10
7.5091892913385827
20
-1.1827105511811022
11
7.5012794488188979
21
-1.1729427165354331
0
LINE
8
BLACK
6
CONTINUOUS
10
7.5012794488188979
20
-1.1729427165354331
11
7.4944339763779526
21
-1.1624015748031495
0
LINE
8
BLACK
6
CONTINUOUS
10
7.4944339763779526
20
-1.1624015748031495
11
7.4887277952755902
21
-1.1512026377952755
0
LINE
8
BLACK
6
CONTINUOUS
10
7.4887277952755902
20
-1.1512026377952755
11
7.4842235433070865
21
-1.1394685826771653
0
LINE
8
BLACK
6
CONTINUOUS
10
7.4842235433070865
20
-1.1394685826771653
11
7.4809704724409452
21
-1.1273279921259842
0
LINE
8
BLACK
6
CONTINUOUS
10
7.4809704724409452
20
-1.1273279921259842
11
7.4790042519685036
21
-1.1149138582677165
0
LINE
8
BLACK
6
CONTINUOUS
10
7.4790042519685036
20
-1.1149138582677165
11
7.478346456692913
21
-1.1023622047244095
0
LINE
8
BLACK
6
CONTINUOUS
10
7.478346456692913
20
-1.1023622047244095
11
7.478346456692913
21
-1.0236220472440944
0
LINE
8
BLACK
6
CONTINUOUS
10
7.478346456692913
20
-1.0236220472440944
11
7.478346456692913
21
-1.0203498425196851
0
LINE
8
BLACK
6
CONTINUOUS
10
7.478346456692913
20
-1.0203498425196851
11
7.4772100393700782
21
-1.013904842519685
0
LINE
8
BLACK
6
CONTINUOUS
10
7.4772100393700782
20
-1.013904842519685
11
7.4749716929133854
21
-1.0077550787401575
0
LINE
8
BLACK
6
CONTINUOUS
10
7.4749716929133854
20
-1.0077550787401575
11
7.4716994881889764
21
-1.0020874409448819
0
LINE
8
BLACK
6
CONTINUOUS
10
7.4716994881889764
20
-1.0020874409448819
11
7.467492834645669
21
-0.997074094488189
0
LINE
8
BLACK
6
CONTINUOUS
10
7.467492834645669
20
-0.997074094488189
11
7.4624794881889764
21
-0.9928674409448819
0
LINE
8
BLACK
6
CONTINUOUS
10
7.4624794881889764
20
-0.9928674409448819
11
7.4568118503937004
21
-0.9895952362204724
0
LINE
8
BLACK
6
CONTINUOUS
10
7.4568118503937004
20
-0.9895952362204724
11
7.4506620866141731
21
-0.9873568897637796
0
LINE
8
BLACK
6
CONTINUOUS
10
7.4506620866141731
20
-0.9873568897637796
11
7.4442170866141728
21
-0.9862204724409449
0
LINE
8
BLACK
6
CONTINUOUS
10
7.4442170866141728
20
-0.9862204724409449
11
7.4409448818897639
21
-0.9862204724409449
0
LINE
8
BLACK
6
CONTINUOUS
10
7.4409448818897639
20
-0.9862204724409449
11
4.8897637795275593
21
-0.9862204724409449
0
LINE
8
BLACK
6
CONTINUOUS
10
4.8897637795275593
20
-0.9862204724409449
11
4.4113313779527559
21
-0.9862204724409449
0
LINE
8
BLACK
6
CONTINUOUS
10
4.4113313779527559
20
-0.9862204724409449
11
4.4106607480314963
21
-1.0015801968503937
0
LINE
8
BLACK
6
CONTINUOUS
10
4.4106607480314963
20
-1.0015801968503937
11
4.4083968110236222
21
-1.0187764960629921
0
LINE
8
BLACK
6
CONTINUOUS
10
4.4083968110236222
20
-1.0187764960629921
11
4.4046427165354327
21
-1.0357100787401574
0
LINE
8
BLACK
6
CONTINUOUS
10
4.4046427165354327
20
-1.0357100787401574
11
4.3994270866141729
21
-1.0522520472440944
0
LINE
8
BLACK
6
CONTINUOUS
10
4.3994270866141729
20
-1.0522520472440944
11
4.3927895275590547
21
-1.0682764566929133
0
LINE
8
BLACK
6
CONTINUOUS
10
4.3927895275590547
20
-1.0682764566929133
11
4.3847806299212602
21
-1.0836614173228347
0
LINE
8
BLACK
6
CONTINUOUS
10
4.3847806299212602
20
-1.0836614173228347
11
4.3754613385826771
21
-1.0982898031496062
0
LINE
8
BLACK
6
CONTINUOUS
10
4.3754613385826771
20
-1.0982898031496062
11
4.3649025196850388
21
-1.1120502755905513
0
LINE
8
BLACK
6
CONTINUOUS
10
4.3649025196850388
20
-1.1120502755905513
11
4.3531846062992123
21
-1.1248381496062991
0
LINE
8
BLACK
6
CONTINUOUS
10
4.3531846062992123
20
-1.1248381496062991
11
4.3403967322834642
21
-1.1365560629921259
0
LINE
8
BLACK
6
CONTINUOUS
10
4.3403967322834642
20
-1.1365560629921259
11
4.3266362598425196
21
-1.1471148818897638
0
LINE
8
BLACK
6
CONTINUOUS
10
4.3266362598425196
20
-1.1471148818897638
11
4.3120078740157481
21
-1.1564341732283465
0
LINE
8
BLACK
6
CONTINUOUS
10
4.3120078740157481
20
-1.1564341732283465
11
4.2966229133858267
21
-1.1644430708661417
0
LINE
8
BLACK
6
CONTINUOUS
10
4.2966229133858267
20
-1.1644430708661417
11
4.280598503937008
21
-1.1710806299212597
0
LINE
8
BLACK
6
CONTINUOUS
10
4.280598503937008
20
-1.1710806299212597
11
4.2640565354330704
21
-1.1762962598425197
0
LINE
8
BLACK
6
CONTINUOUS
10
4.2640565354330704
20
-1.1762962598425197
11
4.2471229527559053
21
-1.1800503543307086
0
LINE
8
BLACK
6
CONTINUOUS
10
4.2471229527559053
20
-1.1800503543307086
11
4.2299266535433073
21
-1.1823142913385827
0
LINE
8
BLACK
6
CONTINUOUS
10
4.2299266535433073
20
-1.1823142913385827
11
4.21259842519685
21
-1.1830708661417322
0
LINE
8
BLACK
6
CONTINUOUS
10
4.21259842519685
20
-1.1830708661417322
11
4.1952701968503936
21
-1.1823142913385827
0
LINE
8
BLACK
6
CONTINUOUS
10
4.1952701968503936
20
-1.1823142913385827
11
4.1780738976377956
21
-1.1800503543307086
0
LINE
8
BLACK
6
CONTINUOUS
10
4.1780738976377956
20
-1.1800503543307086
11
4.1611403149606296
21
-1.1762962598425197
0
LINE
8
BLACK
6
CONTINUOUS
10
4.1611403149606296
20
-1.1762962598425197
11
4.1445983464566929
21
-1.1710806299212597
0
LINE
8
BLACK
6
CONTINUOUS
10
4.1445983464566929
20
-1.1710806299212597
11
4.1285739370078742
21
-1.1644430708661417
0
LINE
8
BLACK
6
CONTINUOUS
10
4.1285739370078742
20
-1.1644430708661417
11
4.1131889763779528
21
-1.1564341732283465
0
LINE
8
BLACK
6
CONTINUOUS
10
4.1131889763779528
20
-1.1564341732283465
11
4.0985605905511813
21
-1.1471148818897638
0
LINE
8
BLACK
6
CONTINUOUS
10
4.0985605905511813
20
-1.1471148818897638
11
4.0848001181102358
21
-1.1365560629921259
0
LINE
8
BLACK
6
CONTINUOUS
10
4.0848001181102358
20
-1.1365560629921259
11
4.0720122440944877
21
-1.1248381496062991
0
LINE
8
BLACK
6
CONTINUOUS
10
4.0720122440944877
20
-1.1248381496062991
11
4.0602943307086612
21
-1.1120502755905513
0
LINE
8
BLACK
6
CONTINUOUS
10
4.0602943307086612
20
-1.1120502755905513
11
4.0497355118110239
21
-1.0982898031496062
0
LINE
8
BLACK
6
CONTINUOUS
10
4.0497355118110239
20
-1.0982898031496062
11
4.0404162204724408
21
-1.0836614173228347
0
LINE
8
BLACK
6
CONTINUOUS
10
4.0404162204724408
20
-1.0836614173228347
11
4.0324073228346453
21
-1.0682764566929133
0
LINE
8
BLACK
6
CONTINUOUS
10
4.0324073228346453
20
-1.0682764566929133
11
4.0257697637795271
21
-1.0522520472440944
0
LINE
8
BLACK
6
CONTINUOUS
10
4.0257697637795271
20
-1.0522520472440944
11
4.0205541338582673
21
-1.0357100787401574
0
LINE
8
BLACK
6
CONTINUOUS
10
4.0205541338582673
20
-1.0357100787401574
11
4.0168000393700787
21
-1.0187764960629921
0
LINE
8
BLACK
6
CONTINUOUS
10
4.0168000393700787
20
-1.0187764960629921
11
4.0145361023622046
21
-1.0015801968503937
0
LINE
8
BLACK
6
CONTINUOUS
10
4.0145361023622046
20
-1.0015801968503937
11
4.013865472440945
21
-0.9862204724409449
0
LINE
8
BLACK
6
CONTINUOUS
10
4.013865472440945
20
-0.9862204724409449
11
3.7086614173228347
21
-0.9862204724409449
0
LINE
8
BLACK
6
CONTINUOUS
10
3.7086614173228347
20
-0.9862204724409449
11
0.984251968503937
21
-0.9862204724409449
0
CIRCLE
8
BLACK
10
6.6929133858267713
20
-5.2362204724409445
40
0.0492125984251968
0
CIRCLE
8
BLACK
10
7.3622047244094491
20
-1.1023622047244095
40
0.0492125984251968
0
CIRCLE
8
BLACK
10
2.1456692913385824
20
-2.9606299212598426
40
0.0334645669291339
0
CIRCLE
8
BLACK
10
2.1456692913385824
20
-5.0078740157480315
40
0.0334645669291339
0
CIRCLE
8
BLACK
10
3.326771653543307
20
-2.9606299212598426
40
0.0334645669291339
0
CIRCLE
8
BLACK
10
3.326771653543307
20
-5.0078740157480315
40
0.0334645669291339
0
CIRCLE
8
BLACK
10
1.7322834645669292
20
-5.2362204724409445
40
0.0492125984251968
0
CIRCLE
8
BLACK
10
4.21259842519685
20
-4.0551181102362204
40
0.0492125984251968
0
CIRCLE
8
BLACK
10
1.0629921259842519
20
-1.1023622047244095
40
0.0492125984251968
0
CIRCLE
8
BLACK
10
5.0984251968503935
20
-2.9606299212598426
40
0.0334645669291339
0
CIRCLE
8
BLACK
10
5.0984251968503935
20
-5.0078740157480315
40
0.0334645669291339
0
CIRCLE
8
BLACK
10
6.2795275590551176
20
-2.9606299212598426
40
0.0334645669291339
0
CIRCLE
8
BLACK
10
6.2795275590551176
20
-5.0078740157480315
40
0.0334645669291339
  0
ENDSEC
  0
EOF
